[debug] [2026-09-23T20:04:58.175Z] ----------------------------------------------------------------------
[debug] [2026-09-23T20:04:58.176Z] Command:       /usr/local/bin/node /usr/local/bin/firebase deploy --only functions
[debug] [2026-09-23T20:04:58.176Z] CLI Version:   15.22.3
[debug] [2026-09-23T20:04:58.176Z] Platform:      darwin
[debug] [2026-09-23T20:04:58.176Z] Node Version:  v24.16.0
[debug] [2026-09-23T20:04:58.176Z] Detected Agent: unknown
[debug] [2026-09-23T20:04:58.176Z] Time:          Wed Sep 23 2026 15:04:58 GMT-0500 (Colombia Standard Time)
[debug] [2026-09-23T20:04:58.176Z] ----------------------------------------------------------------------
[debug] 
[debug] [2026-09-23T20:04:58.815Z] > command requires scopes: ["email","openid","https://www.googleapis.com/auth/cloudplatformprojects.readonly","https://www.googleapis.com/auth/firebase","https://www.googleapis.com/auth/cloud-platform"]
[debug] [2026-09-23T20:04:58.815Z] > authorizing via signed-in user (contacto@characontadores.com)
[debug] [2026-09-23T20:04:58.815Z] [iam] checking project hathax-contable for permissions ["cloudfunctions.functions.create","cloudfunctions.functions.delete","cloudfunctions.functions.get","cloudfunctions.functions.list","cloudfunctions.functions.update","cloudfunctions.operations.get","firebase.projects.get"]
[debug] [2026-09-23T20:04:58.815Z] Checked if tokens are valid: true, expires at: 1790197078258
[debug] [2026-09-23T20:04:58.815Z] Checked if tokens are valid: true, expires at: 1790197078258
[debug] [2026-09-23T20:04:58.816Z] >>> [apiv2][query] POST https://cloudresourcemanager.googleapis.com/v1/projects/hathax-contable:testIamPermissions [none]
[debug] [2026-09-23T20:04:58.816Z] >>> [apiv2][(partial)header] POST https://cloudresourcemanager.googleapis.com/v1/projects/hathax-contable:testIamPermissions  x-goog-user-project=hathax-contable
[debug] [2026-09-23T20:04:58.816Z] >>> [apiv2][body] POST https://cloudresourcemanager.googleapis.com/v1/projects/hathax-contable:testIamPermissions {"permissions":["cloudfunctions.functions.create","cloudfunctions.functions.delete","cloudfunctions.functions.get","cloudfunctions.functions.list","cloudfunctions.functions.update","cloudfunctions.operations.get","firebase.projects.get"]}
[debug] [2026-09-23T20:04:59.384Z] <<< [apiv2][status] POST https://cloudresourcemanager.googleapis.com/v1/projects/hathax-contable:testIamPermissions 200
[debug] [2026-09-23T20:04:59.384Z] <<< [apiv2][body] POST https://cloudresourcemanager.googleapis.com/v1/projects/hathax-contable:testIamPermissions {"permissions":["cloudfunctions.functions.create","cloudfunctions.functions.delete","cloudfunctions.functions.get","cloudfunctions.functions.list","cloudfunctions.functions.update","cloudfunctions.operations.get","firebase.projects.get"]}
[debug] [2026-09-23T20:04:59.385Z] Checked if tokens are valid: true, expires at: 1790197078258
[debug] [2026-09-23T20:04:59.385Z] Checked if tokens are valid: true, expires at: 1790197078258
[debug] [2026-09-23T20:04:59.385Z] >>> [apiv2][query] POST https://iam.googleapis.com/v1/projects/hathax-contable/serviceAccounts/hathax-contable@appspot.gserviceaccount.com:testIamPermissions [none]
[debug] [2026-09-23T20:04:59.385Z] >>> [apiv2][body] POST https://iam.googleapis.com/v1/projects/hathax-contable/serviceAccounts/hathax-contable@appspot.gserviceaccount.com:testIamPermissions {"permissions":["iam.serviceAccounts.actAs"]}
[debug] [2026-09-23T20:04:59.853Z] <<< [apiv2][status] POST https://iam.googleapis.com/v1/projects/hathax-contable/serviceAccounts/hathax-contable@appspot.gserviceaccount.com:testIamPermissions 200
[debug] [2026-09-23T20:04:59.853Z] <<< [apiv2][body] POST https://iam.googleapis.com/v1/projects/hathax-contable/serviceAccounts/hathax-contable@appspot.gserviceaccount.com:testIamPermissions {"permissions":["iam.serviceAccounts.actAs"]}
[info] 
[info] === Deploying to 'hathax-contable'...
[info] 
[info] i  deploying functions 
[debug] [2026-09-23T20:04:59.857Z] Checked if tokens are valid: true, expires at: 1790197078258
[debug] [2026-09-23T20:04:59.857Z] Checked if tokens are valid: true, expires at: 1790197078258
[debug] [2026-09-23T20:04:59.857Z] >>> [apiv2][query] GET https://cloudresourcemanager.googleapis.com/v1/projects/hathax-contable [none]
[debug] [2026-09-23T20:05:00.121Z] <<< [apiv2][status] GET https://cloudresourcemanager.googleapis.com/v1/projects/hathax-contable 200
[debug] [2026-09-23T20:05:00.121Z] <<< [apiv2][body] GET https://cloudresourcemanager.googleapis.com/v1/projects/hathax-contable {"projectNumber":"607378284941","projectId":"hathax-contable","lifecycleState":"ACTIVE","name":"HATHAX Contable","labels":{"firebase":"enabled","firebase-core":"disabled"},"createTime":"2026-09-19T18:50:41.673Z","parent":{"type":"organization","id":"406539888718"}}
[info] i  functions: preparing codebase default for deployment 
[info] i  functions: ensuring required API cloudfunctions.googleapis.com is enabled... 
[info] i  functions: ensuring required API cloudbuild.googleapis.com is enabled... 
[info] i  artifactregistry: ensuring required API artifactregistry.googleapis.com is enabled... 
[debug] [2026-09-23T20:05:00.124Z] Checked if tokens are valid: true, expires at: 1790197078258
[debug] [2026-09-23T20:05:00.124Z] Checked if tokens are valid: true, expires at: 1790197078258
[debug] [2026-09-23T20:05:00.124Z] >>> [apiv2][query] GET https://firebase.googleapis.com/v1beta1/projects/hathax-contable/adminSdkConfig [none]
[debug] [2026-09-23T20:05:01.710Z] <<< [apiv2][status] GET https://firebase.googleapis.com/v1beta1/projects/hathax-contable/adminSdkConfig 200
[debug] [2026-09-23T20:05:01.710Z] <<< [apiv2][body] GET https://firebase.googleapis.com/v1beta1/projects/hathax-contable/adminSdkConfig {"projectId":"hathax-contable","storageBucket":"hathax-contable.firebasestorage.app"}
[debug] [2026-09-23T20:05:01.711Z] Checked if tokens are valid: true, expires at: 1790197078258
[debug] [2026-09-23T20:05:01.711Z] Checked if tokens are valid: true, expires at: 1790197078258
[debug] [2026-09-23T20:05:01.711Z] >>> [apiv2][query] GET https://runtimeconfig.googleapis.com/v1beta1/projects/hathax-contable/configs [none]
[debug] [2026-09-23T20:05:02.260Z] <<< [apiv2][status] GET https://runtimeconfig.googleapis.com/v1beta1/projects/hathax-contable/configs 200
[debug] [2026-09-23T20:05:02.260Z] <<< [apiv2][body] GET https://runtimeconfig.googleapis.com/v1beta1/projects/hathax-contable/configs {}
[debug] [2026-09-23T20:05:02.262Z] Validating nodejs source
[warn] ⚠  functions: Runtime Node.js 20 was deprecated on 2026-04-30 and will be decommissioned on 2026-10-30, after which you will not be able to deploy without upgrading. Consider upgrading now to avoid disruption. See https://cloud.google.com/functions/docs/runtime-support for full details on the lifecycle policy 
[warn] ⚠  functions: package.json indicates an outdated version of firebase-functions. Please upgrade using npm install --save firebase-functions@latest in your functions directory. 
[warn] ⚠  functions: Please note that there will be breaking changes when you upgrade. 
[debug] [2026-09-23T20:05:02.611Z] > [functions] package.json contents: {
  "name": "functions",
  "description": "Cloud Functions for Firebase",
  "scripts": {
    "lint": "eslint",
    "serve": "firebase serve --only functions",
    "shell": "firebase functions:shell",
    "start": "npm run shell",
    "deploy": "firebase deploy --only functions",
    "logs": "firebase functions:log"
  },
  "engines": {
    "node": "20"
  },
  "main": "index.js",
  "dependencies": {
    "firebase-admin": "^11.11.0",
    "firebase-functions": "^4.3.1"
  },
  "private": true
}
[debug] [2026-09-23T20:05:02.611Z] Building nodejs source
[info] i  functions: Loading and analyzing source code for codebase default to determine what to deploy 
[info] i  functions: You are using a version of firebase-functions SDK (4.9.0) that does not have support for the newest Firebase Extensions features. Please update firebase-functions SDK to >=5.1.0 to use them correctly 
[debug] [2026-09-23T20:05:02.612Z] Could not find functions.yaml. Must use http discovery
[debug] [2026-09-23T20:05:02.615Z] Found firebase-functions binary at '/Users/luisfernandocharasepulveda/Documents/hathax-contable/functions/node_modules/.bin/firebase-functions'
[info] Serving at port 8783

[debug] [2026-09-23T20:05:03.145Z] Got response from /__/functions.yaml {"endpoints":{"deleteEmpresaSubcollections":{"platform":"gcfv1","availableMemoryMb":null,"timeoutSeconds":null,"minInstances":null,"maxInstances":null,"ingressSettings":null,"serviceAccountEmail":null,"vpc":null,"eventTrigger":{"eventType":"providers/cloud.firestore/eventTypes/document.delete","eventFilters":{"resource":"projects/hathax-contable/databases/(default)/documents/empresas/{empresaId}"},"retry":false},"labels":{},"entryPoint":"deleteEmpresaSubcollections"}},"specVersion":"v1alpha1","requiredAPIs":[]}
[debug] [2026-09-23T20:05:07.162Z] Checked if tokens are valid: true, expires at: 1790197078258
[debug] [2026-09-23T20:05:07.162Z] Checked if tokens are valid: true, expires at: 1790197078258
[debug] [2026-09-23T20:05:07.162Z] >>> [apiv2][query] GET https://cloudfunctions.googleapis.com/v1/projects/hathax-contable/locations/-/functions [none]
[debug] [2026-09-23T20:05:08.226Z] <<< [apiv2][status] GET https://cloudfunctions.googleapis.com/v1/projects/hathax-contable/locations/-/functions 200
[debug] [2026-09-23T20:05:08.226Z] <<< [apiv2][body] GET https://cloudfunctions.googleapis.com/v1/projects/hathax-contable/locations/-/functions {}
[debug] [2026-09-23T20:05:08.227Z] Checked if tokens are valid: true, expires at: 1790197078258
[debug] [2026-09-23T20:05:08.227Z] Checked if tokens are valid: true, expires at: 1790197078258
[debug] [2026-09-23T20:05:08.227Z] >>> [apiv2][query] GET https://cloudfunctions.googleapis.com/v2/projects/hathax-contable/locations/-/functions filter=environment%3D%22GEN_2%22
[debug] [2026-09-23T20:05:08.718Z] <<< [apiv2][status] GET https://cloudfunctions.googleapis.com/v2/projects/hathax-contable/locations/-/functions 200
[debug] [2026-09-23T20:05:08.718Z] <<< [apiv2][body] GET https://cloudfunctions.googleapis.com/v2/projects/hathax-contable/locations/-/functions {}
[info] i  functions: preparing functions directory for uploading... 
[info] i  functions: packaged /Users/luisfernandocharasepulveda/Documents/hathax-contable/functions (37.08 KB) for uploading 
[debug] [2026-09-23T20:05:08.742Z] Checked if tokens are valid: true, expires at: 1790197078258
[debug] [2026-09-23T20:05:08.742Z] Checked if tokens are valid: true, expires at: 1790197078258
[debug] [2026-09-23T20:05:08.742Z] >>> [apiv2][query] GET https://firestore.googleapis.com/v1/projects/hathax-contable/databases/(default) [none]
[debug] [2026-09-23T20:05:09.546Z] <<< [apiv2][status] GET https://firestore.googleapis.com/v1/projects/hathax-contable/databases/(default) 200
[debug] [2026-09-23T20:05:09.546Z] <<< [apiv2][body] GET https://firestore.googleapis.com/v1/projects/hathax-contable/databases/(default) {"name":"projects/hathax-contable/databases/(default)","uid":"a318d0b3-5657-440b-808f-9c01b4755ee9","createTime":"2026-09-19T21:04:48.799545Z","updateTime":"2026-09-19T21:04:48.799545Z","locationId":"nam5","type":"FIRESTORE_NATIVE","concurrencyMode":"PESSIMISTIC","versionRetentionPeriod":"3600s","earliestVersionTime":"2026-09-23T19:05:09.686896Z","appEngineIntegrationMode":"DISABLED","keyPrefix":"s","pointInTimeRecoveryEnablement":"POINT_IN_TIME_RECOVERY_DISABLED","deleteProtectionState":"DELETE_PROTECTION_DISABLED","databaseEdition":"STANDARD","freeTier":true,"realtimeUpdatesMode":"REALTIME_UPDATES_MODE_ENABLED","enhancedTextSearchQueryMode":"ENHANCED_QUERY_MODE_ENABLED","etag":"ILrAw4DAhZcDMKWxm6PG+5YD"}
[debug] [2026-09-23T20:05:09.550Z] Checked if tokens are valid: true, expires at: 1790197078258
[debug] [2026-09-23T20:05:09.550Z] Checked if tokens are valid: true, expires at: 1790197078258
[debug] [2026-09-23T20:05:09.550Z] >>> [apiv2][query] GET https://cloudresourcemanager.googleapis.com/v1/projects/hathax-contable [none]
[debug] [2026-09-23T20:05:10.065Z] <<< [apiv2][status] GET https://cloudresourcemanager.googleapis.com/v1/projects/hathax-contable 200
[debug] [2026-09-23T20:05:10.065Z] <<< [apiv2][body] GET https://cloudresourcemanager.googleapis.com/v1/projects/hathax-contable {"projectNumber":"607378284941","projectId":"hathax-contable","lifecycleState":"ACTIVE","name":"HATHAX Contable","labels":{"firebase":"enabled","firebase-core":"disabled"},"createTime":"2026-09-19T18:50:41.673Z","parent":{"type":"organization","id":"406539888718"}}
[debug] [2026-09-23T20:05:10.067Z] Checked if tokens are valid: true, expires at: 1790197078258
[debug] [2026-09-23T20:05:10.067Z] Checked if tokens are valid: true, expires at: 1790197078258
[debug] [2026-09-23T20:05:10.067Z] >>> [apiv2][query] POST https://cloudfunctions.googleapis.com/v1/projects/hathax-contable/locations/us-central1/functions:generateUploadUrl [none]
[debug] [2026-09-23T20:05:10.067Z] >>> [apiv2][body] POST https://cloudfunctions.googleapis.com/v1/projects/hathax-contable/locations/us-central1/functions:generateUploadUrl {}
[debug] [2026-09-23T20:05:18.432Z] <<< [apiv2][status] POST https://cloudfunctions.googleapis.com/v1/projects/hathax-contable/locations/us-central1/functions:generateUploadUrl 200
[debug] [2026-09-23T20:05:18.433Z] <<< [apiv2][body] POST https://cloudfunctions.googleapis.com/v1/projects/hathax-contable/locations/us-central1/functions:generateUploadUrl {"uploadUrl":"https://storage.googleapis.com/uploads-428533647699.us-central1.cloudfunctions.appspot.com/e5f3edf0-21b6-478b-9110-23506094e00a.zip?GoogleAccessId=service-607378284941@gcf-admin-robot.iam.gserviceaccount.com&Expires=1790195718&Signature=RU%2BACTAYzM1dbE01xM5ei%2Fci4vA8533T6r9m8ExIC6yDA02cCIn3lYoOvk0UjRrl4WSmsCs2KpU5b3Sh5J%2BpkMyPrH0SgIpID%2FRwhZT%2BAAwS0m17ZQwPQzagNbJtwqsBrJmSAqjT%2FPSByQbVmcLAO5jNKNHYCV3feOYo6bdc%2FmeCHjpcJ5BU4RPmXRlAIXdVlAPfaWGVnxCtBt9PnZSvTHiMLl271eTK%2FepJCAsVzf7bobox30Gz86EHEiPTaGxrMW5jyOh3p5Gn%2FlJEnzXx%2BwX%2F1oiwrmtoY3B2TNb33FsF47b7F%2BklOU%2BG9ZrckE05cHaKcS7agvnBCr6xaNwBsg%3D%3D"}
[debug] [2026-09-23T20:05:18.434Z] >>> [apiv2][query] PUT https://storage.googleapis.com/uploads-428533647699.us-central1.cloudfunctions.appspot.com/e5f3edf0-21b6-478b-9110-23506094e00a.zip GoogleAccessId=service-607378284941%40gcf-admin-robot.iam.gserviceaccount.com&Expires=1790195718&Signature=RU%2BACTAYzM1dbE01xM5ei%2Fci4vA8533T6r9m8ExIC6yDA02cCIn3lYoOvk0UjRrl4WSmsCs2KpU5b3Sh5J%2BpkMyPrH0SgIpID%2FRwhZT%2BAAwS0m17ZQwPQzagNbJtwqsBrJmSAqjT%2FPSByQbVmcLAO5jNKNHYCV3feOYo6bdc%2FmeCHjpcJ5BU4RPmXRlAIXdVlAPfaWGVnxCtBt9PnZSvTHiMLl271eTK%2FepJCAsVzf7bobox30Gz86EHEiPTaGxrMW5jyOh3p5Gn%2FlJEnzXx%2BwX%2F1oiwrmtoY3B2TNb33FsF47b7F%2BklOU%2BG9ZrckE05cHaKcS7agvnBCr6xaNwBsg%3D%3D
[debug] [2026-09-23T20:05:18.434Z] >>> [apiv2][body] PUT https://storage.googleapis.com/uploads-428533647699.us-central1.cloudfunctions.appspot.com/e5f3edf0-21b6-478b-9110-23506094e00a.zip [stream]
[debug] [2026-09-23T20:05:19.121Z] <<< [apiv2][status] PUT https://storage.googleapis.com/uploads-428533647699.us-central1.cloudfunctions.appspot.com/e5f3edf0-21b6-478b-9110-23506094e00a.zip 200
[debug] [2026-09-23T20:05:19.121Z] <<< [apiv2][body] PUT https://storage.googleapis.com/uploads-428533647699.us-central1.cloudfunctions.appspot.com/e5f3edf0-21b6-478b-9110-23506094e00a.zip [omitted]
[info] ✔  functions: functions source uploaded successfully 
[info] i  functions: creating Node.js 20 (1st Gen) function deleteEmpresaSubcollections(us-central1)... 
[debug] [2026-09-23T20:05:19.127Z] Checked if tokens are valid: true, expires at: 1790197078258
[debug] [2026-09-23T20:05:19.128Z] Checked if tokens are valid: true, expires at: 1790197078258
[debug] [2026-09-23T20:05:19.128Z] >>> [apiv2][query] POST https://cloudfunctions.googleapis.com/v1/projects/hathax-contable/locations/us-central1/functions [none]
[debug] [2026-09-23T20:05:19.128Z] >>> [apiv2][body] POST https://cloudfunctions.googleapis.com/v1/projects/hathax-contable/locations/us-central1/functions {"name":"projects/hathax-contable/locations/us-central1/functions/deleteEmpresaSubcollections","sourceUploadUrl":"https://storage.googleapis.com/uploads-428533647699.us-central1.cloudfunctions.appspot.com/e5f3edf0-21b6-478b-9110-23506094e00a.zip?GoogleAccessId=service-607378284941@gcf-admin-robot.iam.gserviceaccount.com&Expires=1790195718&Signature=RU%2BACTAYzM1dbE01xM5ei%2Fci4vA8533T6r9m8ExIC6yDA02cCIn3lYoOvk0UjRrl4WSmsCs2KpU5b3Sh5J%2BpkMyPrH0SgIpID%2FRwhZT%2BAAwS0m17ZQwPQzagNbJtwqsBrJmSAqjT%2FPSByQbVmcLAO5jNKNHYCV3feOYo6bdc%2FmeCHjpcJ5BU4RPmXRlAIXdVlAPfaWGVnxCtBt9PnZSvTHiMLl271eTK%2FepJCAsVzf7bobox30Gz86EHEiPTaGxrMW5jyOh3p5Gn%2FlJEnzXx%2BwX%2F1oiwrmtoY3B2TNb33FsF47b7F%2BklOU%2BG9ZrckE05cHaKcS7agvnBCr6xaNwBsg%3D%3D","entryPoint":"deleteEmpresaSubcollections","runtime":"nodejs20","dockerRegistry":"ARTIFACT_REGISTRY","labels":{"deployment-tool":"cli-firebase","firebase-functions-hash":"9de36861960c9be435fc25fffef61ad62212a785"},"eventTrigger":{"eventType":"providers/cloud.firestore/eventTypes/document.delete","resource":"projects/hathax-contable/databases/(default)/documents/empresas/{empresaId}"},"minInstances":null,"maxInstances":null,"ingressSettings":null,"environmentVariables":{"FIREBASE_CONFIG":"{\"projectId\":\"hathax-contable\",\"storageBucket\":\"hathax-contable.firebasestorage.app\"}","GCLOUD_PROJECT":"hathax-contable","EVENTARC_CLOUD_EVENT_SOURCE":"projects/hathax-contable/locations/us-central1/functions/deleteEmpresaSubcollections"},"serviceAccountEmail":null,"availableMemoryMb":null,"timeout":null,"vpcConnector":null,"vpcConnectorEgressSettings":null,"buildEnvironmentVariables":{"GOOGLE_NODE_RUN_SCRIPTS":""}}
[debug] [2026-09-23T20:05:20.699Z] <<< [apiv2][status] POST https://cloudfunctions.googleapis.com/v1/projects/hathax-contable/locations/us-central1/functions 200
[debug] [2026-09-23T20:05:20.700Z] <<< [apiv2][body] POST https://cloudfunctions.googleapis.com/v1/projects/hathax-contable/locations/us-central1/functions {"name":"operations/cHJvamVjdHMvaGF0aGF4LWNvbnRhYmxlL2xvY2F0aW9ucy91cy1jZW50cmFsMS9vcGVyYXRpb25zL29wZXJhdGlvbi0xNzkwMTkzOTE5NjcyLTY1YzJjMDBhOTNmYzgtNzA5ZGNlZGMtODgyNzVjYzI","metadata":{"@type":"type.googleapis.com/google.cloud.functions.v1.OperationMetadataV1","target":"projects/hathax-contable/locations/us-central1/functions/deleteEmpresaSubcollections","updateTime":"2026-09-23T20:05:20.785581244Z"}}
[debug] [2026-09-23T20:05:20.700Z] Checked if tokens are valid: true, expires at: 1790197078258
[debug] [2026-09-23T20:05:20.700Z] Checked if tokens are valid: true, expires at: 1790197078258
[debug] [2026-09-23T20:05:20.701Z] >>> [apiv2][query] GET https://cloudfunctions.googleapis.com/v1/operations/cHJvamVjdHMvaGF0aGF4LWNvbnRhYmxlL2xvY2F0aW9ucy91cy1jZW50cmFsMS9vcGVyYXRpb25zL29wZXJhdGlvbi0xNzkwMTkzOTE5NjcyLTY1YzJjMDBhOTNmYzgtNzA5ZGNlZGMtODgyNzVjYzI [none]
[debug] [2026-09-23T20:05:21.109Z] <<< [apiv2][status] GET https://cloudfunctions.googleapis.com/v1/operations/cHJvamVjdHMvaGF0aGF4LWNvbnRhYmxlL2xvY2F0aW9ucy91cy1jZW50cmFsMS9vcGVyYXRpb25zL29wZXJhdGlvbi0xNzkwMTkzOTE5NjcyLTY1YzJjMDBhOTNmYzgtNzA5ZGNlZGMtODgyNzVjYzI 200
[debug] [2026-09-23T20:05:21.109Z] <<< [apiv2][body] GET https://cloudfunctions.googleapis.com/v1/operations/cHJvamVjdHMvaGF0aGF4LWNvbnRhYmxlL2xvY2F0aW9ucy91cy1jZW50cmFsMS9vcGVyYXRpb25zL29wZXJhdGlvbi0xNzkwMTkzOTE5NjcyLTY1YzJjMDBhOTNmYzgtNzA5ZGNlZGMtODgyNzVjYzI {"name":"operations/cHJvamVjdHMvaGF0aGF4LWNvbnRhYmxlL2xvY2F0aW9ucy91cy1jZW50cmFsMS9vcGVyYXRpb25zL29wZXJhdGlvbi0xNzkwMTkzOTE5NjcyLTY1YzJjMDBhOTNmYzgtNzA5ZGNlZGMtODgyNzVjYzI","metadata":{"@type":"type.googleapis.com/google.cloud.functions.v1.OperationMetadataV1","target":"projects/hathax-contable/locations/us-central1/functions/deleteEmpresaSubcollections","updateTime":"2026-09-23T20:05:20.785581244Z"}}
[debug] [2026-09-23T20:05:21.610Z] [create-default-us-central1-deleteEmpresaSubcollections] Retrying task index 0
[debug] [2026-09-23T20:05:21.611Z] Checked if tokens are valid: true, expires at: 1790197078258
[debug] [2026-09-23T20:05:21.611Z] Checked if tokens are valid: true, expires at: 1790197078258
[debug] [2026-09-23T20:05:21.611Z] >>> [apiv2][query] GET https://cloudfunctions.googleapis.com/v1/operations/cHJvamVjdHMvaGF0aGF4LWNvbnRhYmxlL2xvY2F0aW9ucy91cy1jZW50cmFsMS9vcGVyYXRpb25zL29wZXJhdGlvbi0xNzkwMTkzOTE5NjcyLTY1YzJjMDBhOTNmYzgtNzA5ZGNlZGMtODgyNzVjYzI [none]
[debug] [2026-09-23T20:05:22.050Z] <<< [apiv2][status] GET https://cloudfunctions.googleapis.com/v1/operations/cHJvamVjdHMvaGF0aGF4LWNvbnRhYmxlL2xvY2F0aW9ucy91cy1jZW50cmFsMS9vcGVyYXRpb25zL29wZXJhdGlvbi0xNzkwMTkzOTE5NjcyLTY1YzJjMDBhOTNmYzgtNzA5ZGNlZGMtODgyNzVjYzI 200
[debug] [2026-09-23T20:05:22.051Z] <<< [apiv2][body] GET https://cloudfunctions.googleapis.com/v1/operations/cHJvamVjdHMvaGF0aGF4LWNvbnRhYmxlL2xvY2F0aW9ucy91cy1jZW50cmFsMS9vcGVyYXRpb25zL29wZXJhdGlvbi0xNzkwMTkzOTE5NjcyLTY1YzJjMDBhOTNmYzgtNzA5ZGNlZGMtODgyNzVjYzI {"name":"operations/cHJvamVjdHMvaGF0aGF4LWNvbnRhYmxlL2xvY2F0aW9ucy91cy1jZW50cmFsMS9vcGVyYXRpb25zL29wZXJhdGlvbi0xNzkwMTkzOTE5NjcyLTY1YzJjMDBhOTNmYzgtNzA5ZGNlZGMtODgyNzVjYzI","metadata":{"@type":"type.googleapis.com/google.cloud.functions.v1.OperationMetadataV1","target":"projects/hathax-contable/locations/us-central1/functions/deleteEmpresaSubcollections","type":"CREATE_FUNCTION","request":{"@type":"type.googleapis.com/google.cloud.functions.v1.CloudFunction","name":"projects/hathax-contable/locations/us-central1/functions/deleteEmpresaSubcollections","eventTrigger":{"eventType":"providers/cloud.firestore/eventTypes/document.delete","resource":"projects/hathax-contable/databases/(default)/documents/empresas/{empresaId}","failurePolicy":{}},"entryPoint":"deleteEmpresaSubcollections","updateTime":"1970-01-01T00:00:00Z","labels":{"deployment-tool":"cli-firebase","firebase-functions-hash":"9de36861960c9be435fc25fffef61ad62212a785"},"sourceUploadUrl":"https://storage.googleapis.com/uploads-428533647699.us-central1.cloudfunctions.appspot.com/e5f3edf0-21b6-478b-9110-23506094e00a.zip?GoogleAccessId=service-607378284941@gcf-admin-robot.iam.gserviceaccount.com&Expires=1790195718&Signature=RU%2BACTAYzM1dbE01xM5ei%2Fci4vA8533T6r9m8ExIC6yDA02cCIn3lYoOvk0UjRrl4WSmsCs2KpU5b3Sh5J%2BpkMyPrH0SgIpID%2FRwhZT%2BAAwS0m17ZQwPQzagNbJtwqsBrJmSAqjT%2FPSByQbVmcLAO5jNKNHYCV3feOYo6bdc%2FmeCHjpcJ5BU4RPmXRlAIXdVlAPfaWGVnxCtBt9PnZSvTHiMLl271eTK%2FepJCAsVzf7bobox30Gz86EHEiPTaGxrMW5jyOh3p5Gn%2FlJEnzXx%2BwX%2F1oiwrmtoY3B2TNb33FsF47b7F%2BklOU%2BG9ZrckE05cHaKcS7agvnBCr6xaNwBsg%3D%3D","environmentVariables":{"FIREBASE_CONFIG":"{\"projectId\":\"hathax-contable\",\"storageBucket\":\"hathax-contable.firebasestorage.app\"}","GCLOUD_PROJECT":"hathax-contable","EVENTARC_CLOUD_EVENT_SOURCE":"projects/hathax-contable/locations/us-central1/functions/deleteEmpresaSubcollections"},"runtime":"nodejs20","buildEnvironmentVariables":{"GOOGLE_NODE_RUN_SCRIPTS":""},"dockerRegistry":"ARTIFACT_REGISTRY"},"versionId":"1","updateTime":"2026-09-23T20:05:20.785581244Z"}}
[debug] [2026-09-23T20:05:23.052Z] [create-default-us-central1-deleteEmpresaSubcollections] Retrying task index 0
[debug] [2026-09-23T20:05:23.052Z] Checked if tokens are valid: true, expires at: 1790197078258
[debug] [2026-09-23T20:05:23.053Z] Checked if tokens are valid: true, expires at: 1790197078258
[debug] [2026-09-23T20:05:23.053Z] >>> [apiv2][query] GET https://cloudfunctions.googleapis.com/v1/operations/cHJvamVjdHMvaGF0aGF4LWNvbnRhYmxlL2xvY2F0aW9ucy91cy1jZW50cmFsMS9vcGVyYXRpb25zL29wZXJhdGlvbi0xNzkwMTkzOTE5NjcyLTY1YzJjMDBhOTNmYzgtNzA5ZGNlZGMtODgyNzVjYzI [none]
[debug] [2026-09-23T20:05:23.333Z] <<< [apiv2][status] GET https://cloudfunctions.googleapis.com/v1/operations/cHJvamVjdHMvaGF0aGF4LWNvbnRhYmxlL2xvY2F0aW9ucy91cy1jZW50cmFsMS9vcGVyYXRpb25zL29wZXJhdGlvbi0xNzkwMTkzOTE5NjcyLTY1YzJjMDBhOTNmYzgtNzA5ZGNlZGMtODgyNzVjYzI 200
[debug] [2026-09-23T20:05:23.334Z] <<< [apiv2][body] GET https://cloudfunctions.googleapis.com/v1/operations/cHJvamVjdHMvaGF0aGF4LWNvbnRhYmxlL2xvY2F0aW9ucy91cy1jZW50cmFsMS9vcGVyYXRpb25zL29wZXJhdGlvbi0xNzkwMTkzOTE5NjcyLTY1YzJjMDBhOTNmYzgtNzA5ZGNlZGMtODgyNzVjYzI {"name":"operations/cHJvamVjdHMvaGF0aGF4LWNvbnRhYmxlL2xvY2F0aW9ucy91cy1jZW50cmFsMS9vcGVyYXRpb25zL29wZXJhdGlvbi0xNzkwMTkzOTE5NjcyLTY1YzJjMDBhOTNmYzgtNzA5ZGNlZGMtODgyNzVjYzI","metadata":{"@type":"type.googleapis.com/google.cloud.functions.v1.OperationMetadataV1","target":"projects/hathax-contable/locations/us-central1/functions/deleteEmpresaSubcollections","type":"CREATE_FUNCTION","request":{"@type":"type.googleapis.com/google.cloud.functions.v1.CloudFunction","name":"projects/hathax-contable/locations/us-central1/functions/deleteEmpresaSubcollections","eventTrigger":{"eventType":"providers/cloud.firestore/eventTypes/document.delete","resource":"projects/hathax-contable/databases/(default)/documents/empresas/{empresaId}","failurePolicy":{}},"entryPoint":"deleteEmpresaSubcollections","updateTime":"1970-01-01T00:00:00Z","labels":{"deployment-tool":"cli-firebase","firebase-functions-hash":"9de36861960c9be435fc25fffef61ad62212a785"},"sourceUploadUrl":"https://storage.googleapis.com/uploads-428533647699.us-central1.cloudfunctions.appspot.com/e5f3edf0-21b6-478b-9110-23506094e00a.zip?GoogleAccessId=service-607378284941@gcf-admin-robot.iam.gserviceaccount.com&Expires=1790195718&Signature=RU%2BACTAYzM1dbE01xM5ei%2Fci4vA8533T6r9m8ExIC6yDA02cCIn3lYoOvk0UjRrl4WSmsCs2KpU5b3Sh5J%2BpkMyPrH0SgIpID%2FRwhZT%2BAAwS0m17ZQwPQzagNbJtwqsBrJmSAqjT%2FPSByQbVmcLAO5jNKNHYCV3feOYo6bdc%2FmeCHjpcJ5BU4RPmXRlAIXdVlAPfaWGVnxCtBt9PnZSvTHiMLl271eTK%2FepJCAsVzf7bobox30Gz86EHEiPTaGxrMW5jyOh3p5Gn%2FlJEnzXx%2BwX%2F1oiwrmtoY3B2TNb33FsF47b7F%2BklOU%2BG9ZrckE05cHaKcS7agvnBCr6xaNwBsg%3D%3D","environmentVariables":{"FIREBASE_CONFIG":"{\"projectId\":\"hathax-contable\",\"storageBucket\":\"hathax-contable.firebasestorage.app\"}","GCLOUD_PROJECT":"hathax-contable","EVENTARC_CLOUD_EVENT_SOURCE":"projects/hathax-contable/locations/us-central1/functions/deleteEmpresaSubcollections"},"runtime":"nodejs20","buildEnvironmentVariables":{"GOOGLE_NODE_RUN_SCRIPTS":""},"dockerRegistry":"ARTIFACT_REGISTRY"},"versionId":"1","updateTime":"2026-09-23T20:05:20.785581244Z"}}
[debug] [2026-09-23T20:05:25.335Z] [create-default-us-central1-deleteEmpresaSubcollections] Retrying task index 0
[debug] [2026-09-23T20:05:25.335Z] Checked if tokens are valid: true, expires at: 1790197078258
[debug] [2026-09-23T20:05:25.335Z] Checked if tokens are valid: true, expires at: 1790197078258
[debug] [2026-09-23T20:05:25.335Z] >>> [apiv2][query] GET https://cloudfunctions.googleapis.com/v1/operations/cHJvamVjdHMvaGF0aGF4LWNvbnRhYmxlL2xvY2F0aW9ucy91cy1jZW50cmFsMS9vcGVyYXRpb25zL29wZXJhdGlvbi0xNzkwMTkzOTE5NjcyLTY1YzJjMDBhOTNmYzgtNzA5ZGNlZGMtODgyNzVjYzI [none]
[debug] [2026-09-23T20:05:25.590Z] <<< [apiv2][status] GET https://cloudfunctions.googleapis.com/v1/operations/cHJvamVjdHMvaGF0aGF4LWNvbnRhYmxlL2xvY2F0aW9ucy91cy1jZW50cmFsMS9vcGVyYXRpb25zL29wZXJhdGlvbi0xNzkwMTkzOTE5NjcyLTY1YzJjMDBhOTNmYzgtNzA5ZGNlZGMtODgyNzVjYzI 200
[debug] [2026-09-23T20:05:25.590Z] <<< [apiv2][body] GET https://cloudfunctions.googleapis.com/v1/operations/cHJvamVjdHMvaGF0aGF4LWNvbnRhYmxlL2xvY2F0aW9ucy91cy1jZW50cmFsMS9vcGVyYXRpb25zL29wZXJhdGlvbi0xNzkwMTkzOTE5NjcyLTY1YzJjMDBhOTNmYzgtNzA5ZGNlZGMtODgyNzVjYzI {"name":"operations/cHJvamVjdHMvaGF0aGF4LWNvbnRhYmxlL2xvY2F0aW9ucy91cy1jZW50cmFsMS9vcGVyYXRpb25zL29wZXJhdGlvbi0xNzkwMTkzOTE5NjcyLTY1YzJjMDBhOTNmYzgtNzA5ZGNlZGMtODgyNzVjYzI","metadata":{"@type":"type.googleapis.com/google.cloud.functions.v1.OperationMetadataV1","target":"projects/hathax-contable/locations/us-central1/functions/deleteEmpresaSubcollections","type":"CREATE_FUNCTION","request":{"@type":"type.googleapis.com/google.cloud.functions.v1.CloudFunction","name":"projects/hathax-contable/locations/us-central1/functions/deleteEmpresaSubcollections","eventTrigger":{"eventType":"providers/cloud.firestore/eventTypes/document.delete","resource":"projects/hathax-contable/databases/(default)/documents/empresas/{empresaId}","failurePolicy":{}},"entryPoint":"deleteEmpresaSubcollections","updateTime":"1970-01-01T00:00:00Z","labels":{"deployment-tool":"cli-firebase","firebase-functions-hash":"9de36861960c9be435fc25fffef61ad62212a785"},"sourceUploadUrl":"https://storage.googleapis.com/uploads-428533647699.us-central1.cloudfunctions.appspot.com/e5f3edf0-21b6-478b-9110-23506094e00a.zip?GoogleAccessId=service-607378284941@gcf-admin-robot.iam.gserviceaccount.com&Expires=1790195718&Signature=RU%2BACTAYzM1dbE01xM5ei%2Fci4vA8533T6r9m8ExIC6yDA02cCIn3lYoOvk0UjRrl4WSmsCs2KpU5b3Sh5J%2BpkMyPrH0SgIpID%2FRwhZT%2BAAwS0m17ZQwPQzagNbJtwqsBrJmSAqjT%2FPSByQbVmcLAO5jNKNHYCV3feOYo6bdc%2FmeCHjpcJ5BU4RPmXRlAIXdVlAPfaWGVnxCtBt9PnZSvTHiMLl271eTK%2FepJCAsVzf7bobox30Gz86EHEiPTaGxrMW5jyOh3p5Gn%2FlJEnzXx%2BwX%2F1oiwrmtoY3B2TNb33FsF47b7F%2BklOU%2BG9ZrckE05cHaKcS7agvnBCr6xaNwBsg%3D%3D","environmentVariables":{"FIREBASE_CONFIG":"{\"projectId\":\"hathax-contable\",\"storageBucket\":\"hathax-contable.firebasestorage.app\"}","GCLOUD_PROJECT":"hathax-contable","EVENTARC_CLOUD_EVENT_SOURCE":"projects/hathax-contable/locations/us-central1/functions/deleteEmpresaSubcollections"},"runtime":"nodejs20","buildEnvironmentVariables":{"GOOGLE_NODE_RUN_SCRIPTS":""},"dockerRegistry":"ARTIFACT_REGISTRY"},"versionId":"1","updateTime":"2026-09-23T20:05:20.785581244Z"}}
[debug] [2026-09-23T20:05:29.591Z] [create-default-us-central1-deleteEmpresaSubcollections] Retrying task index 0
[debug] [2026-09-23T20:05:29.592Z] Checked if tokens are valid: true, expires at: 1790197078258
[debug] [2026-09-23T20:05:29.592Z] Checked if tokens are valid: true, expires at: 1790197078258
[debug] [2026-09-23T20:05:29.592Z] >>> [apiv2][query] GET https://cloudfunctions.googleapis.com/v1/operations/cHJvamVjdHMvaGF0aGF4LWNvbnRhYmxlL2xvY2F0aW9ucy91cy1jZW50cmFsMS9vcGVyYXRpb25zL29wZXJhdGlvbi0xNzkwMTkzOTE5NjcyLTY1YzJjMDBhOTNmYzgtNzA5ZGNlZGMtODgyNzVjYzI [none]
[debug] [2026-09-23T20:05:29.825Z] <<< [apiv2][status] GET https://cloudfunctions.googleapis.com/v1/operations/cHJvamVjdHMvaGF0aGF4LWNvbnRhYmxlL2xvY2F0aW9ucy91cy1jZW50cmFsMS9vcGVyYXRpb25zL29wZXJhdGlvbi0xNzkwMTkzOTE5NjcyLTY1YzJjMDBhOTNmYzgtNzA5ZGNlZGMtODgyNzVjYzI 200
[debug] [2026-09-23T20:05:29.825Z] <<< [apiv2][body] GET https://cloudfunctions.googleapis.com/v1/operations/cHJvamVjdHMvaGF0aGF4LWNvbnRhYmxlL2xvY2F0aW9ucy91cy1jZW50cmFsMS9vcGVyYXRpb25zL29wZXJhdGlvbi0xNzkwMTkzOTE5NjcyLTY1YzJjMDBhOTNmYzgtNzA5ZGNlZGMtODgyNzVjYzI {"name":"operations/cHJvamVjdHMvaGF0aGF4LWNvbnRhYmxlL2xvY2F0aW9ucy91cy1jZW50cmFsMS9vcGVyYXRpb25zL29wZXJhdGlvbi0xNzkwMTkzOTE5NjcyLTY1YzJjMDBhOTNmYzgtNzA5ZGNlZGMtODgyNzVjYzI","metadata":{"@type":"type.googleapis.com/google.cloud.functions.v1.OperationMetadataV1","target":"projects/hathax-contable/locations/us-central1/functions/deleteEmpresaSubcollections","type":"CREATE_FUNCTION","request":{"@type":"type.googleapis.com/google.cloud.functions.v1.CloudFunction","name":"projects/hathax-contable/locations/us-central1/functions/deleteEmpresaSubcollections","eventTrigger":{"eventType":"providers/cloud.firestore/eventTypes/document.delete","resource":"projects/hathax-contable/databases/(default)/documents/empresas/{empresaId}","failurePolicy":{}},"entryPoint":"deleteEmpresaSubcollections","updateTime":"1970-01-01T00:00:00Z","labels":{"deployment-tool":"cli-firebase","firebase-functions-hash":"9de36861960c9be435fc25fffef61ad62212a785"},"sourceUploadUrl":"https://storage.googleapis.com/uploads-428533647699.us-central1.cloudfunctions.appspot.com/e5f3edf0-21b6-478b-9110-23506094e00a.zip?GoogleAccessId=service-607378284941@gcf-admin-robot.iam.gserviceaccount.com&Expires=1790195718&Signature=RU%2BACTAYzM1dbE01xM5ei%2Fci4vA8533T6r9m8ExIC6yDA02cCIn3lYoOvk0UjRrl4WSmsCs2KpU5b3Sh5J%2BpkMyPrH0SgIpID%2FRwhZT%2BAAwS0m17ZQwPQzagNbJtwqsBrJmSAqjT%2FPSByQbVmcLAO5jNKNHYCV3feOYo6bdc%2FmeCHjpcJ5BU4RPmXRlAIXdVlAPfaWGVnxCtBt9PnZSvTHiMLl271eTK%2FepJCAsVzf7bobox30Gz86EHEiPTaGxrMW5jyOh3p5Gn%2FlJEnzXx%2BwX%2F1oiwrmtoY3B2TNb33FsF47b7F%2BklOU%2BG9ZrckE05cHaKcS7agvnBCr6xaNwBsg%3D%3D","environmentVariables":{"FIREBASE_CONFIG":"{\"projectId\":\"hathax-contable\",\"storageBucket\":\"hathax-contable.firebasestorage.app\"}","GCLOUD_PROJECT":"hathax-contable","EVENTARC_CLOUD_EVENT_SOURCE":"projects/hathax-contable/locations/us-central1/functions/deleteEmpresaSubcollections"},"runtime":"nodejs20","buildEnvironmentVariables":{"GOOGLE_NODE_RUN_SCRIPTS":""},"dockerRegistry":"ARTIFACT_REGISTRY"},"versionId":"1","updateTime":"2026-09-23T20:05:20.785581244Z"}}
[debug] [2026-09-23T20:05:37.827Z] [create-default-us-central1-deleteEmpresaSubcollections] Retrying task index 0
[debug] [2026-09-23T20:05:37.828Z] Checked if tokens are valid: true, expires at: 1790197078258
[debug] [2026-09-23T20:05:37.828Z] Checked if tokens are valid: true, expires at: 1790197078258
[debug] [2026-09-23T20:05:37.828Z] >>> [apiv2][query] GET https://cloudfunctions.googleapis.com/v1/operations/cHJvamVjdHMvaGF0aGF4LWNvbnRhYmxlL2xvY2F0aW9ucy91cy1jZW50cmFsMS9vcGVyYXRpb25zL29wZXJhdGlvbi0xNzkwMTkzOTE5NjcyLTY1YzJjMDBhOTNmYzgtNzA5ZGNlZGMtODgyNzVjYzI [none]
[debug] [2026-09-23T20:05:38.204Z] <<< [apiv2][status] GET https://cloudfunctions.googleapis.com/v1/operations/cHJvamVjdHMvaGF0aGF4LWNvbnRhYmxlL2xvY2F0aW9ucy91cy1jZW50cmFsMS9vcGVyYXRpb25zL29wZXJhdGlvbi0xNzkwMTkzOTE5NjcyLTY1YzJjMDBhOTNmYzgtNzA5ZGNlZGMtODgyNzVjYzI 200
[debug] [2026-09-23T20:05:38.204Z] <<< [apiv2][body] GET https://cloudfunctions.googleapis.com/v1/operations/cHJvamVjdHMvaGF0aGF4LWNvbnRhYmxlL2xvY2F0aW9ucy91cy1jZW50cmFsMS9vcGVyYXRpb25zL29wZXJhdGlvbi0xNzkwMTkzOTE5NjcyLTY1YzJjMDBhOTNmYzgtNzA5ZGNlZGMtODgyNzVjYzI {"name":"operations/cHJvamVjdHMvaGF0aGF4LWNvbnRhYmxlL2xvY2F0aW9ucy91cy1jZW50cmFsMS9vcGVyYXRpb25zL29wZXJhdGlvbi0xNzkwMTkzOTE5NjcyLTY1YzJjMDBhOTNmYzgtNzA5ZGNlZGMtODgyNzVjYzI","metadata":{"@type":"type.googleapis.com/google.cloud.functions.v1.OperationMetadataV1","target":"projects/hathax-contable/locations/us-central1/functions/deleteEmpresaSubcollections","type":"CREATE_FUNCTION","request":{"@type":"type.googleapis.com/google.cloud.functions.v1.CloudFunction","name":"projects/hathax-contable/locations/us-central1/functions/deleteEmpresaSubcollections","eventTrigger":{"eventType":"providers/cloud.firestore/eventTypes/document.delete","resource":"projects/hathax-contable/databases/(default)/documents/empresas/{empresaId}","failurePolicy":{}},"entryPoint":"deleteEmpresaSubcollections","updateTime":"1970-01-01T00:00:00Z","labels":{"deployment-tool":"cli-firebase","firebase-functions-hash":"9de36861960c9be435fc25fffef61ad62212a785"},"sourceUploadUrl":"https://storage.googleapis.com/uploads-428533647699.us-central1.cloudfunctions.appspot.com/e5f3edf0-21b6-478b-9110-23506094e00a.zip?GoogleAccessId=service-607378284941@gcf-admin-robot.iam.gserviceaccount.com&Expires=1790195718&Signature=RU%2BACTAYzM1dbE01xM5ei%2Fci4vA8533T6r9m8ExIC6yDA02cCIn3lYoOvk0UjRrl4WSmsCs2KpU5b3Sh5J%2BpkMyPrH0SgIpID%2FRwhZT%2BAAwS0m17ZQwPQzagNbJtwqsBrJmSAqjT%2FPSByQbVmcLAO5jNKNHYCV3feOYo6bdc%2FmeCHjpcJ5BU4RPmXRlAIXdVlAPfaWGVnxCtBt9PnZSvTHiMLl271eTK%2FepJCAsVzf7bobox30Gz86EHEiPTaGxrMW5jyOh3p5Gn%2FlJEnzXx%2BwX%2F1oiwrmtoY3B2TNb33FsF47b7F%2BklOU%2BG9ZrckE05cHaKcS7agvnBCr6xaNwBsg%3D%3D","environmentVariables":{"FIREBASE_CONFIG":"{\"projectId\":\"hathax-contable\",\"storageBucket\":\"hathax-contable.firebasestorage.app\"}","GCLOUD_PROJECT":"hathax-contable","EVENTARC_CLOUD_EVENT_SOURCE":"projects/hathax-contable/locations/us-central1/functions/deleteEmpresaSubcollections"},"runtime":"nodejs20","buildEnvironmentVariables":{"GOOGLE_NODE_RUN_SCRIPTS":""},"dockerRegistry":"ARTIFACT_REGISTRY"},"versionId":"1","updateTime":"2026-09-23T20:05:20.785581244Z","buildId":"db7425f9-5b33-46c1-a550-1ddd862a55b2","buildName":"projects/607378284941/locations/us-central1/builds/db7425f9-5b33-46c1-a550-1ddd862a55b2"}}
[debug] [2026-09-23T20:05:48.205Z] [create-default-us-central1-deleteEmpresaSubcollections] Retrying task index 0
[debug] [2026-09-23T20:05:48.205Z] Checked if tokens are valid: true, expires at: 1790197078258
[debug] [2026-09-23T20:05:48.205Z] Checked if tokens are valid: true, expires at: 1790197078258
[debug] [2026-09-23T20:05:48.205Z] >>> [apiv2][query] GET https://cloudfunctions.googleapis.com/v1/operations/cHJvamVjdHMvaGF0aGF4LWNvbnRhYmxlL2xvY2F0aW9ucy91cy1jZW50cmFsMS9vcGVyYXRpb25zL29wZXJhdGlvbi0xNzkwMTkzOTE5NjcyLTY1YzJjMDBhOTNmYzgtNzA5ZGNlZGMtODgyNzVjYzI [none]
[debug] [2026-09-23T20:05:48.691Z] <<< [apiv2][status] GET https://cloudfunctions.googleapis.com/v1/operations/cHJvamVjdHMvaGF0aGF4LWNvbnRhYmxlL2xvY2F0aW9ucy91cy1jZW50cmFsMS9vcGVyYXRpb25zL29wZXJhdGlvbi0xNzkwMTkzOTE5NjcyLTY1YzJjMDBhOTNmYzgtNzA5ZGNlZGMtODgyNzVjYzI 200
[debug] [2026-09-23T20:05:48.691Z] <<< [apiv2][body] GET https://cloudfunctions.googleapis.com/v1/operations/cHJvamVjdHMvaGF0aGF4LWNvbnRhYmxlL2xvY2F0aW9ucy91cy1jZW50cmFsMS9vcGVyYXRpb25zL29wZXJhdGlvbi0xNzkwMTkzOTE5NjcyLTY1YzJjMDBhOTNmYzgtNzA5ZGNlZGMtODgyNzVjYzI {"name":"operations/cHJvamVjdHMvaGF0aGF4LWNvbnRhYmxlL2xvY2F0aW9ucy91cy1jZW50cmFsMS9vcGVyYXRpb25zL29wZXJhdGlvbi0xNzkwMTkzOTE5NjcyLTY1YzJjMDBhOTNmYzgtNzA5ZGNlZGMtODgyNzVjYzI","metadata":{"@type":"type.googleapis.com/google.cloud.functions.v1.OperationMetadataV1","target":"projects/hathax-contable/locations/us-central1/functions/deleteEmpresaSubcollections","type":"CREATE_FUNCTION","request":{"@type":"type.googleapis.com/google.cloud.functions.v1.CloudFunction","name":"projects/hathax-contable/locations/us-central1/functions/deleteEmpresaSubcollections","eventTrigger":{"eventType":"providers/cloud.firestore/eventTypes/document.delete","resource":"projects/hathax-contable/databases/(default)/documents/empresas/{empresaId}","failurePolicy":{}},"entryPoint":"deleteEmpresaSubcollections","updateTime":"1970-01-01T00:00:00Z","labels":{"deployment-tool":"cli-firebase","firebase-functions-hash":"9de36861960c9be435fc25fffef61ad62212a785"},"sourceUploadUrl":"https://storage.googleapis.com/uploads-428533647699.us-central1.cloudfunctions.appspot.com/e5f3edf0-21b6-478b-9110-23506094e00a.zip?GoogleAccessId=service-607378284941@gcf-admin-robot.iam.gserviceaccount.com&Expires=1790195718&Signature=RU%2BACTAYzM1dbE01xM5ei%2Fci4vA8533T6r9m8ExIC6yDA02cCIn3lYoOvk0UjRrl4WSmsCs2KpU5b3Sh5J%2BpkMyPrH0SgIpID%2FRwhZT%2BAAwS0m17ZQwPQzagNbJtwqsBrJmSAqjT%2FPSByQbVmcLAO5jNKNHYCV3feOYo6bdc%2FmeCHjpcJ5BU4RPmXRlAIXdVlAPfaWGVnxCtBt9PnZSvTHiMLl271eTK%2FepJCAsVzf7bobox30Gz86EHEiPTaGxrMW5jyOh3p5Gn%2FlJEnzXx%2BwX%2F1oiwrmtoY3B2TNb33FsF47b7F%2BklOU%2BG9ZrckE05cHaKcS7agvnBCr6xaNwBsg%3D%3D","environmentVariables":{"FIREBASE_CONFIG":"{\"projectId\":\"hathax-contable\",\"storageBucket\":\"hathax-contable.firebasestorage.app\"}","GCLOUD_PROJECT":"hathax-contable","EVENTARC_CLOUD_EVENT_SOURCE":"projects/hathax-contable/locations/us-central1/functions/deleteEmpresaSubcollections"},"runtime":"nodejs20","buildEnvironmentVariables":{"GOOGLE_NODE_RUN_SCRIPTS":""},"dockerRegistry":"ARTIFACT_REGISTRY"},"versionId":"1","updateTime":"2026-09-23T20:05:20.785581244Z","buildId":"db7425f9-5b33-46c1-a550-1ddd862a55b2","buildName":"projects/607378284941/locations/us-central1/builds/db7425f9-5b33-46c1-a550-1ddd862a55b2"}}
[debug] [2026-09-23T20:05:58.692Z] [create-default-us-central1-deleteEmpresaSubcollections] Retrying task index 0
[debug] [2026-09-23T20:05:58.693Z] Checked if tokens are valid: true, expires at: 1790197078258
[debug] [2026-09-23T20:05:58.693Z] Checked if tokens are valid: true, expires at: 1790197078258
[debug] [2026-09-23T20:05:58.693Z] >>> [apiv2][query] GET https://cloudfunctions.googleapis.com/v1/operations/cHJvamVjdHMvaGF0aGF4LWNvbnRhYmxlL2xvY2F0aW9ucy91cy1jZW50cmFsMS9vcGVyYXRpb25zL29wZXJhdGlvbi0xNzkwMTkzOTE5NjcyLTY1YzJjMDBhOTNmYzgtNzA5ZGNlZGMtODgyNzVjYzI [none]
[debug] [2026-09-23T20:05:59.073Z] <<< [apiv2][status] GET https://cloudfunctions.googleapis.com/v1/operations/cHJvamVjdHMvaGF0aGF4LWNvbnRhYmxlL2xvY2F0aW9ucy91cy1jZW50cmFsMS9vcGVyYXRpb25zL29wZXJhdGlvbi0xNzkwMTkzOTE5NjcyLTY1YzJjMDBhOTNmYzgtNzA5ZGNlZGMtODgyNzVjYzI 200
[debug] [2026-09-23T20:05:59.074Z] <<< [apiv2][body] GET https://cloudfunctions.googleapis.com/v1/operations/cHJvamVjdHMvaGF0aGF4LWNvbnRhYmxlL2xvY2F0aW9ucy91cy1jZW50cmFsMS9vcGVyYXRpb25zL29wZXJhdGlvbi0xNzkwMTkzOTE5NjcyLTY1YzJjMDBhOTNmYzgtNzA5ZGNlZGMtODgyNzVjYzI {"name":"operations/cHJvamVjdHMvaGF0aGF4LWNvbnRhYmxlL2xvY2F0aW9ucy91cy1jZW50cmFsMS9vcGVyYXRpb25zL29wZXJhdGlvbi0xNzkwMTkzOTE5NjcyLTY1YzJjMDBhOTNmYzgtNzA5ZGNlZGMtODgyNzVjYzI","metadata":{"@type":"type.googleapis.com/google.cloud.functions.v1.OperationMetadataV1","target":"projects/hathax-contable/locations/us-central1/functions/deleteEmpresaSubcollections","type":"CREATE_FUNCTION","request":{"@type":"type.googleapis.com/google.cloud.functions.v1.CloudFunction","name":"projects/hathax-contable/locations/us-central1/functions/deleteEmpresaSubcollections","eventTrigger":{"eventType":"providers/cloud.firestore/eventTypes/document.delete","resource":"projects/hathax-contable/databases/(default)/documents/empresas/{empresaId}","failurePolicy":{}},"entryPoint":"deleteEmpresaSubcollections","updateTime":"1970-01-01T00:00:00Z","labels":{"deployment-tool":"cli-firebase","firebase-functions-hash":"9de36861960c9be435fc25fffef61ad62212a785"},"sourceUploadUrl":"https://storage.googleapis.com/uploads-428533647699.us-central1.cloudfunctions.appspot.com/e5f3edf0-21b6-478b-9110-23506094e00a.zip?GoogleAccessId=service-607378284941@gcf-admin-robot.iam.gserviceaccount.com&Expires=1790195718&Signature=RU%2BACTAYzM1dbE01xM5ei%2Fci4vA8533T6r9m8ExIC6yDA02cCIn3lYoOvk0UjRrl4WSmsCs2KpU5b3Sh5J%2BpkMyPrH0SgIpID%2FRwhZT%2BAAwS0m17ZQwPQzagNbJtwqsBrJmSAqjT%2FPSByQbVmcLAO5jNKNHYCV3feOYo6bdc%2FmeCHjpcJ5BU4RPmXRlAIXdVlAPfaWGVnxCtBt9PnZSvTHiMLl271eTK%2FepJCAsVzf7bobox30Gz86EHEiPTaGxrMW5jyOh3p5Gn%2FlJEnzXx%2BwX%2F1oiwrmtoY3B2TNb33FsF47b7F%2BklOU%2BG9ZrckE05cHaKcS7agvnBCr6xaNwBsg%3D%3D","environmentVariables":{"FIREBASE_CONFIG":"{\"projectId\":\"hathax-contable\",\"storageBucket\":\"hathax-contable.firebasestorage.app\"}","GCLOUD_PROJECT":"hathax-contable","EVENTARC_CLOUD_EVENT_SOURCE":"projects/hathax-contable/locations/us-central1/functions/deleteEmpresaSubcollections"},"runtime":"nodejs20","buildEnvironmentVariables":{"GOOGLE_NODE_RUN_SCRIPTS":""},"dockerRegistry":"ARTIFACT_REGISTRY"},"versionId":"1","updateTime":"2026-09-23T20:05:20.785581244Z","buildId":"db7425f9-5b33-46c1-a550-1ddd862a55b2","buildName":"projects/607378284941/locations/us-central1/builds/db7425f9-5b33-46c1-a550-1ddd862a55b2"}}
[debug] [2026-09-23T20:06:09.075Z] [create-default-us-central1-deleteEmpresaSubcollections] Retrying task index 0
[debug] [2026-09-23T20:06:09.078Z] Checked if tokens are valid: true, expires at: 1790197078258
[debug] [2026-09-23T20:06:09.078Z] Checked if tokens are valid: true, expires at: 1790197078258
[debug] [2026-09-23T20:06:09.079Z] >>> [apiv2][query] GET https://cloudfunctions.googleapis.com/v1/operations/cHJvamVjdHMvaGF0aGF4LWNvbnRhYmxlL2xvY2F0aW9ucy91cy1jZW50cmFsMS9vcGVyYXRpb25zL29wZXJhdGlvbi0xNzkwMTkzOTE5NjcyLTY1YzJjMDBhOTNmYzgtNzA5ZGNlZGMtODgyNzVjYzI [none]
[debug] [2026-09-23T20:06:09.486Z] <<< [apiv2][status] GET https://cloudfunctions.googleapis.com/v1/operations/cHJvamVjdHMvaGF0aGF4LWNvbnRhYmxlL2xvY2F0aW9ucy91cy1jZW50cmFsMS9vcGVyYXRpb25zL29wZXJhdGlvbi0xNzkwMTkzOTE5NjcyLTY1YzJjMDBhOTNmYzgtNzA5ZGNlZGMtODgyNzVjYzI 200
[debug] [2026-09-23T20:06:09.486Z] <<< [apiv2][body] GET https://cloudfunctions.googleapis.com/v1/operations/cHJvamVjdHMvaGF0aGF4LWNvbnRhYmxlL2xvY2F0aW9ucy91cy1jZW50cmFsMS9vcGVyYXRpb25zL29wZXJhdGlvbi0xNzkwMTkzOTE5NjcyLTY1YzJjMDBhOTNmYzgtNzA5ZGNlZGMtODgyNzVjYzI {"name":"operations/cHJvamVjdHMvaGF0aGF4LWNvbnRhYmxlL2xvY2F0aW9ucy91cy1jZW50cmFsMS9vcGVyYXRpb25zL29wZXJhdGlvbi0xNzkwMTkzOTE5NjcyLTY1YzJjMDBhOTNmYzgtNzA5ZGNlZGMtODgyNzVjYzI","metadata":{"@type":"type.googleapis.com/google.cloud.functions.v1.OperationMetadataV1","target":"projects/hathax-contable/locations/us-central1/functions/deleteEmpresaSubcollections","type":"CREATE_FUNCTION","request":{"@type":"type.googleapis.com/google.cloud.functions.v1.CloudFunction","name":"projects/hathax-contable/locations/us-central1/functions/deleteEmpresaSubcollections","eventTrigger":{"eventType":"providers/cloud.firestore/eventTypes/document.delete","resource":"projects/hathax-contable/databases/(default)/documents/empresas/{empresaId}","failurePolicy":{}},"entryPoint":"deleteEmpresaSubcollections","updateTime":"1970-01-01T00:00:00Z","labels":{"deployment-tool":"cli-firebase","firebase-functions-hash":"9de36861960c9be435fc25fffef61ad62212a785"},"sourceUploadUrl":"https://storage.googleapis.com/uploads-428533647699.us-central1.cloudfunctions.appspot.com/e5f3edf0-21b6-478b-9110-23506094e00a.zip?GoogleAccessId=service-607378284941@gcf-admin-robot.iam.gserviceaccount.com&Expires=1790195718&Signature=RU%2BACTAYzM1dbE01xM5ei%2Fci4vA8533T6r9m8ExIC6yDA02cCIn3lYoOvk0UjRrl4WSmsCs2KpU5b3Sh5J%2BpkMyPrH0SgIpID%2FRwhZT%2BAAwS0m17ZQwPQzagNbJtwqsBrJmSAqjT%2FPSByQbVmcLAO5jNKNHYCV3feOYo6bdc%2FmeCHjpcJ5BU4RPmXRlAIXdVlAPfaWGVnxCtBt9PnZSvTHiMLl271eTK%2FepJCAsVzf7bobox30Gz86EHEiPTaGxrMW5jyOh3p5Gn%2FlJEnzXx%2BwX%2F1oiwrmtoY3B2TNb33FsF47b7F%2BklOU%2BG9ZrckE05cHaKcS7agvnBCr6xaNwBsg%3D%3D","environmentVariables":{"FIREBASE_CONFIG":"{\"projectId\":\"hathax-contable\",\"storageBucket\":\"hathax-contable.firebasestorage.app\"}","GCLOUD_PROJECT":"hathax-contable","EVENTARC_CLOUD_EVENT_SOURCE":"projects/hathax-contable/locations/us-central1/functions/deleteEmpresaSubcollections"},"runtime":"nodejs20","buildEnvironmentVariables":{"GOOGLE_NODE_RUN_SCRIPTS":""},"dockerRegistry":"ARTIFACT_REGISTRY"},"versionId":"1","updateTime":"2026-09-23T20:06:01.662938526Z","buildId":"db7425f9-5b33-46c1-a550-1ddd862a55b2","buildName":"projects/607378284941/locations/us-central1/builds/db7425f9-5b33-46c1-a550-1ddd862a55b2"},"done":true,"error":{"code":3,"message":"Gen1 operation for function projects/hathax-contable/locations/us-central1/functions/deleteEmpresaSubcollections failed: Build failed: Access to bucket gcf-sources-607378284941-us-central1 denied. You must grant Storage Object Viewer permission to 607378284941-compute@developer.gserviceaccount.com. If you are using VPC Service Controls, you must also grant it access to your service perimeter.\n."}}
[debug] [2026-09-23T20:06:09.486Z] Got source token undefined for region us-central1
[error] Gen1 operation for function projects/hathax-contable/locations/us-central1/functions/deleteEmpresaSubcollections failed: Build failed: Access to bucket gcf-sources-607378284941-us-central1 denied. You must grant Storage Object Viewer permission to 607378284941-compute@developer.gserviceaccount.com. If you are using VPC Service Controls, you must also grant it access to your service perimeter.
.
[warn] ⚠  functions: Deploys failed. Skipping deletes. 
[debug] [2026-09-23T20:06:09.495Z] Total Function Deployment time: 50366
[debug] [2026-09-23T20:06:09.496Z] 1 Functions Deployed
[debug] [2026-09-23T20:06:09.496Z] 1 Functions Errored
[debug] [2026-09-23T20:06:09.496Z] 0 Function Deployments Aborted
[debug] [2026-09-23T20:06:09.496Z] Average Function Deployment time: 50363
[info] 
[info] Functions deploy had errors with the following functions:
	deleteEmpresaSubcollections(us-central1)
[debug] [2026-09-23T20:06:09.498Z] Checked if tokens are valid: true, expires at: 1790197078258
[debug] [2026-09-23T20:06:09.498Z] Checked if tokens are valid: true, expires at: 1790197078258
[debug] [2026-09-23T20:06:09.498Z] >>> [apiv2][query] GET https://artifactregistry.googleapis.com/v1/projects/hathax-contable/locations/us-central1/repositories/gcf-artifacts [none]
[debug] [2026-09-23T20:06:10.144Z] <<< [apiv2][status] GET https://artifactregistry.googleapis.com/v1/projects/hathax-contable/locations/us-central1/repositories/gcf-artifacts 200
[debug] [2026-09-23T20:06:10.144Z] <<< [apiv2][body] GET https://artifactregistry.googleapis.com/v1/projects/hathax-contable/locations/us-central1/repositories/gcf-artifacts {"name":"projects/hathax-contable/locations/us-central1/repositories/gcf-artifacts","format":"DOCKER","description":"This repository is created and used by Cloud Functions for storing function docker images.","labels":{"goog-managed-by":"cloudfunctions"},"createTime":"2026-09-23T20:05:33.818494Z","updateTime":"2026-09-23T20:05:33.818494Z","mode":"STANDARD_REPOSITORY","vulnerabilityScanningConfig":{"lastEnableTime":"2026-09-23T20:05:23.241320055Z","enablementState":"SCANNING_DISABLED","enablementStateReason":"API containerscanning.googleapis.com is not enabled."},"satisfiesPzi":true,"registryUri":"us-central1-docker.pkg.dev/hathax-contable/gcf-artifacts"}
[warn] ⚠  functions: No cleanup policy detected for repositories in us-central1. This may result in a small monthly bill as container images accumulate over time. 
[info] i  functions: Configuring cleanup policy for repository in us-central1. Images older than 5 days will be automatically deleted. 
[debug] [2026-09-23T20:10:39.945Z] Setting up artifact cleanup policy for region us-central1
[debug] [2026-09-23T20:10:39.947Z] Checked if tokens are valid: true, expires at: 1790197078258
[debug] [2026-09-23T20:10:39.947Z] Checked if tokens are valid: true, expires at: 1790197078258
[debug] [2026-09-23T20:10:39.948Z] >>> [apiv2][query] PATCH https://artifactregistry.googleapis.com/v1/projects/hathax-contable/locations/us-central1/repositories/gcf-artifacts updateMask=name%2CcleanupPolicies%2CcleanupPolicyDryRun%2Clabels
[debug] [2026-09-23T20:10:39.948Z] >>> [apiv2][body] PATCH https://artifactregistry.googleapis.com/v1/projects/hathax-contable/locations/us-central1/repositories/gcf-artifacts {"name":"projects/hathax-contable/locations/us-central1/repositories/gcf-artifacts","cleanupPolicies":{"firebase-functions-cleanup":{"id":"firebase-functions-cleanup","condition":{"tagState":"ANY","olderThan":"432000s"},"action":"DELETE"}},"cleanupPolicyDryRun":false,"labels":{"goog-managed-by":"cloudfunctions"}}
[debug] [2026-09-23T20:10:40.565Z] <<< [apiv2][status] PATCH https://artifactregistry.googleapis.com/v1/projects/hathax-contable/locations/us-central1/repositories/gcf-artifacts 200
[debug] [2026-09-23T20:10:40.565Z] <<< [apiv2][body] PATCH https://artifactregistry.googleapis.com/v1/projects/hathax-contable/locations/us-central1/repositories/gcf-artifacts {"name":"projects/hathax-contable/locations/us-central1/repositories/gcf-artifacts","format":"DOCKER","description":"This repository is created and used by Cloud Functions for storing function docker images.","labels":{"goog-managed-by":"cloudfunctions"},"createTime":"2026-09-23T20:05:33.818494Z","updateTime":"2026-09-23T20:10:40.637697Z","mode":"STANDARD_REPOSITORY","cleanupPolicies":{"firebase-functions-cleanup":{"id":"firebase-functions-cleanup","action":"DELETE","condition":{"tagState":"ANY","olderThan":"432000s"}}},"vulnerabilityScanningConfig":{"lastEnableTime":"2026-09-23T20:05:23.241320055Z","enablementState":"SCANNING_DISABLED","enablementStateReason":"API containerscanning.googleapis.com is not enabled."},"satisfiesPzi":true}
[info] i  functions: Configured cleanup policy for repository in us-central1. 
[debug] [2026-09-23T20:10:40.565Z] Functions deploy failed.
[debug] [2026-09-23T20:10:40.565Z] {
  "endpoint": {
    "id": "deleteEmpresaSubcollections",
    "project": "hathax-contable",
    "region": "us-central1",
    "entryPoint": "deleteEmpresaSubcollections",
    "platform": "gcfv1",
    "runtime": "nodejs20",
    "eventTrigger": {
      "eventType": "providers/cloud.firestore/eventTypes/document.delete",
      "retry": false,
      "eventFilters": {
        "resource": "projects/hathax-contable/databases/(default)/documents/empresas/{empresaId}"
      }
    },
    "labels": {
      "deployment-tool": "cli-firebase"
    },
    "serviceAccount": null,
    "ingressSettings": null,
    "availableMemoryMb": null,
    "timeoutSeconds": null,
    "maxInstances": null,
    "minInstances": null,
    "vpc": null,
    "environmentVariables": {
      "FIREBASE_CONFIG": "{\"projectId\":\"hathax-contable\",\"storageBucket\":\"hathax-contable.firebasestorage.app\"}",
      "GCLOUD_PROJECT": "hathax-contable",
      "EVENTARC_CLOUD_EVENT_SOURCE": "projects/hathax-contable/locations/us-central1/functions/deleteEmpresaSubcollections"
    },
    "codebase": "default",
    "targetedByOnly": false,
    "hash": "9de36861960c9be435fc25fffef61ad62212a785"
  },
  "op": "create",
  "original": {
    "name": "FirebaseError",
    "children": [],
    "exit": 1,
    "message": "Gen1 operation for function projects/hathax-contable/locations/us-central1/functions/deleteEmpresaSubcollections failed: Build failed: Access to bucket gcf-sources-607378284941-us-central1 denied. You must grant Storage Object Viewer permission to 607378284941-compute@developer.gserviceaccount.com. If you are using VPC Service Controls, you must also grant it access to your service perimeter.\n.",
    "original": {
      "code": 3,
      "message": "Gen1 operation for function projects/hathax-contable/locations/us-central1/functions/deleteEmpresaSubcollections failed: Build failed: Access to bucket gcf-sources-607378284941-us-central1 denied. You must grant Storage Object Viewer permission to 607378284941-compute@developer.gserviceaccount.com. If you are using VPC Service Controls, you must also grant it access to your service perimeter.\n."
    },
    "status": 3,
    "code": 3
  }
}
[debug] [2026-09-23T20:10:40.568Z] Error: Failed to create function deleteEmpresaSubcollections in region us-central1
    at /usr/local/lib/node_modules/firebase-tools/lib/deploy/functions/release/fabricator.js:54:11
    at process.processTicksAndRejections (node:internal/process/task_queues:104:5)
    at async Fabricator.createV1Function (/usr/local/lib/node_modules/firebase-tools/lib/deploy/functions/release/fabricator.js:207:32)
    at async Fabricator.createEndpoint (/usr/local/lib/node_modules/firebase-tools/lib/deploy/functions/release/fabricator.js:150:13)
    at async Fabricator.wrapOperation (/usr/local/lib/node_modules/firebase-tools/lib/deploy/functions/release/fabricator.js:138:13)
    at async Promise.all (index 0)
    at async Promise.allSettled (index 0)
    at async Fabricator.applyPlan (/usr/local/lib/node_modules/firebase-tools/lib/deploy/functions/release/fabricator.js:77:45)
    at async release (/usr/local/lib/node_modules/firebase-tools/lib/deploy/functions/release/index.js:86:21)
    at async chain (/usr/local/lib/node_modules/firebase-tools/lib/deploy/index.js:45:9)
[error] 
[error] Error: There was an error deploying functions
[debug] [2026-09-23T20:10:44.192Z] ----------------------------------------------------------------------
[debug] [2026-09-23T20:10:44.193Z] Command:       /usr/local/bin/node /usr/local/bin/firebase deploy --only functions
[debug] [2026-09-23T20:10:44.193Z] CLI Version:   15.22.3
[debug] [2026-09-23T20:10:44.193Z] Platform:      darwin
[debug] [2026-09-23T20:10:44.193Z] Node Version:  v24.16.0
[debug] [2026-09-23T20:10:44.194Z] Detected Agent: unknown
[debug] [2026-09-23T20:10:44.194Z] Time:          Wed Sep 23 2026 15:10:44 GMT-0500 (Colombia Standard Time)
[debug] [2026-09-23T20:10:44.194Z] ----------------------------------------------------------------------
[debug] 
[debug] [2026-09-23T20:10:44.791Z] > command requires scopes: ["email","openid","https://www.googleapis.com/auth/cloudplatformprojects.readonly","https://www.googleapis.com/auth/firebase","https://www.googleapis.com/auth/cloud-platform"]
[debug] [2026-09-23T20:10:44.792Z] > authorizing via signed-in user (contacto@characontadores.com)
[debug] [2026-09-23T20:10:44.792Z] [iam] checking project hathax-contable for permissions ["cloudfunctions.functions.create","cloudfunctions.functions.delete","cloudfunctions.functions.get","cloudfunctions.functions.list","cloudfunctions.functions.update","cloudfunctions.operations.get","firebase.projects.get"]
[debug] [2026-09-23T20:10:44.792Z] Checked if tokens are valid: true, expires at: 1790197078258
[debug] [2026-09-23T20:10:44.792Z] Checked if tokens are valid: true, expires at: 1790197078258
[debug] [2026-09-23T20:10:44.792Z] >>> [apiv2][query] POST https://cloudresourcemanager.googleapis.com/v1/projects/hathax-contable:testIamPermissions [none]
[debug] [2026-09-23T20:10:44.792Z] >>> [apiv2][(partial)header] POST https://cloudresourcemanager.googleapis.com/v1/projects/hathax-contable:testIamPermissions  x-goog-user-project=hathax-contable
[debug] [2026-09-23T20:10:44.792Z] >>> [apiv2][body] POST https://cloudresourcemanager.googleapis.com/v1/projects/hathax-contable:testIamPermissions {"permissions":["cloudfunctions.functions.create","cloudfunctions.functions.delete","cloudfunctions.functions.get","cloudfunctions.functions.list","cloudfunctions.functions.update","cloudfunctions.operations.get","firebase.projects.get"]}
[debug] [2026-09-23T20:10:45.268Z] <<< [apiv2][status] POST https://cloudresourcemanager.googleapis.com/v1/projects/hathax-contable:testIamPermissions 200
[debug] [2026-09-23T20:10:45.268Z] <<< [apiv2][body] POST https://cloudresourcemanager.googleapis.com/v1/projects/hathax-contable:testIamPermissions {"permissions":["cloudfunctions.functions.create","cloudfunctions.functions.delete","cloudfunctions.functions.get","cloudfunctions.functions.list","cloudfunctions.functions.update","cloudfunctions.operations.get","firebase.projects.get"]}
[debug] [2026-09-23T20:10:45.269Z] Checked if tokens are valid: true, expires at: 1790197078258
[debug] [2026-09-23T20:10:45.269Z] Checked if tokens are valid: true, expires at: 1790197078258
[debug] [2026-09-23T20:10:45.269Z] >>> [apiv2][query] POST https://iam.googleapis.com/v1/projects/hathax-contable/serviceAccounts/hathax-contable@appspot.gserviceaccount.com:testIamPermissions [none]
[debug] [2026-09-23T20:10:45.269Z] >>> [apiv2][body] POST https://iam.googleapis.com/v1/projects/hathax-contable/serviceAccounts/hathax-contable@appspot.gserviceaccount.com:testIamPermissions {"permissions":["iam.serviceAccounts.actAs"]}
[debug] [2026-09-23T20:10:45.595Z] <<< [apiv2][status] POST https://iam.googleapis.com/v1/projects/hathax-contable/serviceAccounts/hathax-contable@appspot.gserviceaccount.com:testIamPermissions 200
[debug] [2026-09-23T20:10:45.595Z] <<< [apiv2][body] POST https://iam.googleapis.com/v1/projects/hathax-contable/serviceAccounts/hathax-contable@appspot.gserviceaccount.com:testIamPermissions {"permissions":["iam.serviceAccounts.actAs"]}
[info] 
[info] === Deploying to 'hathax-contable'...
[info] 
[info] i  deploying functions 
[debug] [2026-09-23T20:10:45.598Z] Checked if tokens are valid: true, expires at: 1790197078258
[debug] [2026-09-23T20:10:45.598Z] Checked if tokens are valid: true, expires at: 1790197078258
[debug] [2026-09-23T20:10:45.598Z] >>> [apiv2][query] GET https://cloudresourcemanager.googleapis.com/v1/projects/hathax-contable [none]
[debug] [2026-09-23T20:10:45.761Z] <<< [apiv2][status] GET https://cloudresourcemanager.googleapis.com/v1/projects/hathax-contable 200
[debug] [2026-09-23T20:10:45.761Z] <<< [apiv2][body] GET https://cloudresourcemanager.googleapis.com/v1/projects/hathax-contable {"projectNumber":"607378284941","projectId":"hathax-contable","lifecycleState":"ACTIVE","name":"HATHAX Contable","labels":{"firebase":"enabled","firebase-core":"disabled"},"createTime":"2026-09-19T18:50:41.673Z","parent":{"type":"organization","id":"406539888718"}}
[info] i  functions: preparing codebase default for deployment 
[info] i  functions: ensuring required API cloudfunctions.googleapis.com is enabled... 
[info] i  functions: ensuring required API cloudbuild.googleapis.com is enabled... 
[info] i  artifactregistry: ensuring required API artifactregistry.googleapis.com is enabled... 
[debug] [2026-09-23T20:10:45.764Z] Checked if tokens are valid: true, expires at: 1790197078258
[debug] [2026-09-23T20:10:45.764Z] Checked if tokens are valid: true, expires at: 1790197078258
[debug] [2026-09-23T20:10:45.764Z] >>> [apiv2][query] GET https://firebase.googleapis.com/v1beta1/projects/hathax-contable/adminSdkConfig [none]
[debug] [2026-09-23T20:10:46.253Z] <<< [apiv2][status] GET https://firebase.googleapis.com/v1beta1/projects/hathax-contable/adminSdkConfig 200
[debug] [2026-09-23T20:10:46.253Z] <<< [apiv2][body] GET https://firebase.googleapis.com/v1beta1/projects/hathax-contable/adminSdkConfig {"projectId":"hathax-contable","storageBucket":"hathax-contable.firebasestorage.app"}
[debug] [2026-09-23T20:10:46.254Z] Checked if tokens are valid: true, expires at: 1790197078258
[debug] [2026-09-23T20:10:46.254Z] Checked if tokens are valid: true, expires at: 1790197078258
[debug] [2026-09-23T20:10:46.254Z] >>> [apiv2][query] GET https://runtimeconfig.googleapis.com/v1beta1/projects/hathax-contable/configs [none]
[debug] [2026-09-23T20:10:46.699Z] <<< [apiv2][status] GET https://runtimeconfig.googleapis.com/v1beta1/projects/hathax-contable/configs 200
[debug] [2026-09-23T20:10:46.699Z] <<< [apiv2][body] GET https://runtimeconfig.googleapis.com/v1beta1/projects/hathax-contable/configs {}
[debug] [2026-09-23T20:10:46.701Z] Validating nodejs source
[warn] ⚠  functions: Runtime Node.js 20 was deprecated on 2026-04-30 and will be decommissioned on 2026-10-30, after which you will not be able to deploy without upgrading. Consider upgrading now to avoid disruption. See https://cloud.google.com/functions/docs/runtime-support for full details on the lifecycle policy 
[warn] ⚠  functions: package.json indicates an outdated version of firebase-functions. Please upgrade using npm install --save firebase-functions@latest in your functions directory. 
[warn] ⚠  functions: Please note that there will be breaking changes when you upgrade. 
[debug] [2026-09-23T20:10:47.075Z] > [functions] package.json contents: {
  "name": "functions",
  "description": "Cloud Functions for Firebase",
  "scripts": {
    "lint": "eslint",
    "serve": "firebase serve --only functions",
    "shell": "firebase functions:shell",
    "start": "npm run shell",
    "deploy": "firebase deploy --only functions",
    "logs": "firebase functions:log"
  },
  "engines": {
    "node": "20"
  },
  "main": "index.js",
  "dependencies": {
    "firebase-admin": "^11.11.0",
    "firebase-functions": "^4.3.1"
  },
  "private": true
}
[debug] [2026-09-23T20:10:47.076Z] Building nodejs source
[info] i  functions: Loading and analyzing source code for codebase default to determine what to deploy 
[info] i  functions: You are using a version of firebase-functions SDK (4.9.0) that does not have support for the newest Firebase Extensions features. Please update firebase-functions SDK to >=5.1.0 to use them correctly 
[debug] [2026-09-23T20:10:47.076Z] Could not find functions.yaml. Must use http discovery
[debug] [2026-09-23T20:10:47.079Z] Found firebase-functions binary at '/Users/luisfernandocharasepulveda/Documents/hathax-contable/functions/node_modules/.bin/firebase-functions'
[info] Serving at port 8362

[debug] [2026-09-23T20:10:47.289Z] Got response from /__/functions.yaml {"endpoints":{"deleteEmpresaSubcollections":{"platform":"gcfv1","availableMemoryMb":null,"timeoutSeconds":null,"minInstances":null,"maxInstances":null,"ingressSettings":null,"serviceAccountEmail":null,"vpc":null,"eventTrigger":{"eventType":"providers/cloud.firestore/eventTypes/document.delete","eventFilters":{"resource":"projects/hathax-contable/databases/(default)/documents/empresas/{empresaId}"},"retry":false},"labels":{},"entryPoint":"deleteEmpresaSubcollections"}},"specVersion":"v1alpha1","requiredAPIs":[]}
[debug] [2026-09-23T20:10:51.305Z] Checked if tokens are valid: true, expires at: 1790197078258
[debug] [2026-09-23T20:10:51.306Z] Checked if tokens are valid: true, expires at: 1790197078258
[debug] [2026-09-23T20:10:51.306Z] >>> [apiv2][query] GET https://cloudfunctions.googleapis.com/v1/projects/hathax-contable/locations/-/functions [none]
[debug] [2026-09-23T20:10:52.152Z] <<< [apiv2][status] GET https://cloudfunctions.googleapis.com/v1/projects/hathax-contable/locations/-/functions 200
[debug] [2026-09-23T20:10:52.152Z] <<< [apiv2][body] GET https://cloudfunctions.googleapis.com/v1/projects/hathax-contable/locations/-/functions {"functions":[{"name":"projects/hathax-contable/locations/us-central1/functions/deleteEmpresaSubcollections","eventTrigger":{"eventType":"providers/cloud.firestore/eventTypes/document.delete","resource":"projects/hathax-contable/databases/(default)/documents/empresas/{empresaId}","service":"firestore.googleapis.com","failurePolicy":{}},"status":"OFFLINE","entryPoint":"deleteEmpresaSubcollections","timeout":"60s","availableMemoryMb":256,"serviceAccountEmail":"hathax-contable@appspot.gserviceaccount.com","updateTime":"2026-09-23T20:06:01.670608706Z","versionId":"1","labels":{"deployment-tool":"cli-firebase","firebase-functions-hash":"9de36861960c9be435fc25fffef61ad62212a785"},"sourceUploadUrl":"https://storage.googleapis.com/uploads-428533647699.us-central1.cloudfunctions.appspot.com/e5f3edf0-21b6-478b-9110-23506094e00a.zip","environmentVariables":{"FIREBASE_CONFIG":"{\"projectId\":\"hathax-contable\",\"storageBucket\":\"hathax-contable.firebasestorage.app\"}","GCLOUD_PROJECT":"hathax-contable","EVENTARC_CLOUD_EVENT_SOURCE":"projects/hathax-contable/locations/us-central1/functions/deleteEmpresaSubcollections"},"runtime":"nodejs20","maxInstances":3000,"ingressSettings":"ALLOW_ALL","buildId":"db7425f9-5b33-46c1-a550-1ddd862a55b2","buildEnvironmentVariables":{"GOOGLE_NODE_RUN_SCRIPTS":""},"buildName":"projects/607378284941/locations/us-central1/builds/db7425f9-5b33-46c1-a550-1ddd862a55b2","dockerRegistry":"ARTIFACT_REGISTRY","automaticUpdatePolicy":{},"buildServiceAccount":"projects/hathax-contable/serviceAccounts/607378284941-compute@developer.gserviceaccount.com","satisfiesPzi":true}]}
[debug] [2026-09-23T20:10:52.153Z] Checked if tokens are valid: true, expires at: 1790197078258
[debug] [2026-09-23T20:10:52.154Z] Checked if tokens are valid: true, expires at: 1790197078258
[debug] [2026-09-23T20:10:52.154Z] >>> [apiv2][query] GET https://cloudfunctions.googleapis.com/v2/projects/hathax-contable/locations/-/functions filter=environment%3D%22GEN_2%22
[debug] [2026-09-23T20:10:52.663Z] <<< [apiv2][status] GET https://cloudfunctions.googleapis.com/v2/projects/hathax-contable/locations/-/functions 200
[debug] [2026-09-23T20:10:52.663Z] <<< [apiv2][body] GET https://cloudfunctions.googleapis.com/v2/projects/hathax-contable/locations/-/functions {}
[info] i  functions: preparing functions directory for uploading... 
[info] i  functions: packaged /Users/luisfernandocharasepulveda/Documents/hathax-contable/functions (37.08 KB) for uploading 
[debug] [2026-09-23T20:10:52.690Z] Checked if tokens are valid: true, expires at: 1790197078258
[debug] [2026-09-23T20:10:52.690Z] Checked if tokens are valid: true, expires at: 1790197078258
[debug] [2026-09-23T20:10:52.690Z] >>> [apiv2][query] GET https://firestore.googleapis.com/v1/projects/hathax-contable/databases/(default) [none]
[debug] [2026-09-23T20:10:53.494Z] <<< [apiv2][status] GET https://firestore.googleapis.com/v1/projects/hathax-contable/databases/(default) 200
[debug] [2026-09-23T20:10:53.494Z] <<< [apiv2][body] GET https://firestore.googleapis.com/v1/projects/hathax-contable/databases/(default) {"name":"projects/hathax-contable/databases/(default)","uid":"a318d0b3-5657-440b-808f-9c01b4755ee9","createTime":"2026-09-19T21:04:48.799545Z","updateTime":"2026-09-19T21:04:48.799545Z","locationId":"nam5","type":"FIRESTORE_NATIVE","concurrencyMode":"PESSIMISTIC","versionRetentionPeriod":"3600s","earliestVersionTime":"2026-09-23T19:10:53.634117Z","appEngineIntegrationMode":"DISABLED","keyPrefix":"s","pointInTimeRecoveryEnablement":"POINT_IN_TIME_RECOVERY_DISABLED","deleteProtectionState":"DELETE_PROTECTION_DISABLED","databaseEdition":"STANDARD","freeTier":true,"realtimeUpdatesMode":"REALTIME_UPDATES_MODE_ENABLED","enhancedTextSearchQueryMode":"ENHANCED_QUERY_MODE_ENABLED","etag":"II+uxKTBhZcDMKWxm6PG+5YD"}
[debug] [2026-09-23T20:10:53.498Z] Checked if tokens are valid: true, expires at: 1790197078258
[debug] [2026-09-23T20:10:53.498Z] Checked if tokens are valid: true, expires at: 1790197078258
[debug] [2026-09-23T20:10:53.498Z] >>> [apiv2][query] GET https://cloudresourcemanager.googleapis.com/v1/projects/hathax-contable [none]
[debug] [2026-09-23T20:10:54.011Z] <<< [apiv2][status] GET https://cloudresourcemanager.googleapis.com/v1/projects/hathax-contable 200
[debug] [2026-09-23T20:10:54.012Z] <<< [apiv2][body] GET https://cloudresourcemanager.googleapis.com/v1/projects/hathax-contable {"projectNumber":"607378284941","projectId":"hathax-contable","lifecycleState":"ACTIVE","name":"HATHAX Contable","labels":{"firebase":"enabled","firebase-core":"disabled"},"createTime":"2026-09-19T18:50:41.673Z","parent":{"type":"organization","id":"406539888718"}}
[debug] [2026-09-23T20:10:54.013Z] Checked if tokens are valid: true, expires at: 1790197078258
[debug] [2026-09-23T20:10:54.013Z] Checked if tokens are valid: true, expires at: 1790197078258
[debug] [2026-09-23T20:10:54.013Z] >>> [apiv2][query] POST https://cloudfunctions.googleapis.com/v1/projects/hathax-contable/locations/us-central1/functions:generateUploadUrl [none]
[debug] [2026-09-23T20:10:54.014Z] >>> [apiv2][body] POST https://cloudfunctions.googleapis.com/v1/projects/hathax-contable/locations/us-central1/functions:generateUploadUrl {}
[debug] [2026-09-23T20:10:55.079Z] <<< [apiv2][status] POST https://cloudfunctions.googleapis.com/v1/projects/hathax-contable/locations/us-central1/functions:generateUploadUrl 200
[debug] [2026-09-23T20:10:55.079Z] <<< [apiv2][body] POST https://cloudfunctions.googleapis.com/v1/projects/hathax-contable/locations/us-central1/functions:generateUploadUrl {"uploadUrl":"https://storage.googleapis.com/uploads-428533647699.us-central1.cloudfunctions.appspot.com/d94c2873-5db1-468f-8320-f35f9f38d20f.zip?GoogleAccessId=service-607378284941@gcf-admin-robot.iam.gserviceaccount.com&Expires=1790196055&Signature=SpPnB0NCgVs8cdNFGESt7tsL6VH%2F2aXLAtPI4ejlmb3F2c5M6bn%2Fd1QRZhVv7D2rWIG071dBDy2vJuNHps6Xv6k5NpBDB7TJvRAOOCFog5ow%2BYbVcpLyZsEBrsdUwSSg%2B32WKDkOCg136hyXIVzhCFhsaqMu1SqoyFaDS0OW6Tl8KbhSchtxYnRL%2Bn7wHNMz3NWXb7HqlJv%2Bmac2O1lf%2Bde4WyU6z%2F%2FAp4tuk0eF1YdffDzOMlbEsM%2F0ae%2F1LPAjnupf6tZ4FOZmSIQrT8W91DWtm3bTtZ7pCmoZs8mKhh%2FOMkIAAAp1MBq%2BRTbG8Y6Lj7SR1MvI%2F2g9iBkJsPJ1ww%3D%3D"}
[debug] [2026-09-23T20:10:55.080Z] >>> [apiv2][query] PUT https://storage.googleapis.com/uploads-428533647699.us-central1.cloudfunctions.appspot.com/d94c2873-5db1-468f-8320-f35f9f38d20f.zip GoogleAccessId=service-607378284941%40gcf-admin-robot.iam.gserviceaccount.com&Expires=1790196055&Signature=SpPnB0NCgVs8cdNFGESt7tsL6VH%2F2aXLAtPI4ejlmb3F2c5M6bn%2Fd1QRZhVv7D2rWIG071dBDy2vJuNHps6Xv6k5NpBDB7TJvRAOOCFog5ow%2BYbVcpLyZsEBrsdUwSSg%2B32WKDkOCg136hyXIVzhCFhsaqMu1SqoyFaDS0OW6Tl8KbhSchtxYnRL%2Bn7wHNMz3NWXb7HqlJv%2Bmac2O1lf%2Bde4WyU6z%2F%2FAp4tuk0eF1YdffDzOMlbEsM%2F0ae%2F1LPAjnupf6tZ4FOZmSIQrT8W91DWtm3bTtZ7pCmoZs8mKhh%2FOMkIAAAp1MBq%2BRTbG8Y6Lj7SR1MvI%2F2g9iBkJsPJ1ww%3D%3D
[debug] [2026-09-23T20:10:55.080Z] >>> [apiv2][body] PUT https://storage.googleapis.com/uploads-428533647699.us-central1.cloudfunctions.appspot.com/d94c2873-5db1-468f-8320-f35f9f38d20f.zip [stream]
[debug] [2026-09-23T20:10:55.637Z] <<< [apiv2][status] PUT https://storage.googleapis.com/uploads-428533647699.us-central1.cloudfunctions.appspot.com/d94c2873-5db1-468f-8320-f35f9f38d20f.zip 200
[debug] [2026-09-23T20:10:55.637Z] <<< [apiv2][body] PUT https://storage.googleapis.com/uploads-428533647699.us-central1.cloudfunctions.appspot.com/d94c2873-5db1-468f-8320-f35f9f38d20f.zip [omitted]
[info] ✔  functions: functions source uploaded successfully 
[info] i  functions: updating Node.js 20 (1st Gen) function deleteEmpresaSubcollections(us-central1)... 
[debug] [2026-09-23T20:10:55.641Z] Checked if tokens are valid: true, expires at: 1790197078258
[debug] [2026-09-23T20:10:55.641Z] Checked if tokens are valid: true, expires at: 1790197078258
[debug] [2026-09-23T20:10:55.641Z] >>> [apiv2][query] PATCH https://cloudfunctions.googleapis.com/v1/projects/hathax-contable/locations/us-central1/functions/deleteEmpresaSubcollections updateMask=name%2CsourceUploadUrl%2CentryPoint%2Cruntime%2CdockerRegistry%2Clabels%2CeventTrigger.eventType%2CeventTrigger.resource%2CeventTrigger.failurePolicy%2CminInstances%2CmaxInstances%2CingressSettings%2CenvironmentVariables%2CserviceAccountEmail%2CavailableMemoryMb%2Ctimeout%2CvpcConnector%2CvpcConnectorEgressSettings%2CsourceToken%2CbuildEnvironmentVariables
[debug] [2026-09-23T20:10:55.641Z] >>> [apiv2][body] PATCH https://cloudfunctions.googleapis.com/v1/projects/hathax-contable/locations/us-central1/functions/deleteEmpresaSubcollections {"name":"projects/hathax-contable/locations/us-central1/functions/deleteEmpresaSubcollections","sourceUploadUrl":"https://storage.googleapis.com/uploads-428533647699.us-central1.cloudfunctions.appspot.com/d94c2873-5db1-468f-8320-f35f9f38d20f.zip?GoogleAccessId=service-607378284941@gcf-admin-robot.iam.gserviceaccount.com&Expires=1790196055&Signature=SpPnB0NCgVs8cdNFGESt7tsL6VH%2F2aXLAtPI4ejlmb3F2c5M6bn%2Fd1QRZhVv7D2rWIG071dBDy2vJuNHps6Xv6k5NpBDB7TJvRAOOCFog5ow%2BYbVcpLyZsEBrsdUwSSg%2B32WKDkOCg136hyXIVzhCFhsaqMu1SqoyFaDS0OW6Tl8KbhSchtxYnRL%2Bn7wHNMz3NWXb7HqlJv%2Bmac2O1lf%2Bde4WyU6z%2F%2FAp4tuk0eF1YdffDzOMlbEsM%2F0ae%2F1LPAjnupf6tZ4FOZmSIQrT8W91DWtm3bTtZ7pCmoZs8mKhh%2FOMkIAAAp1MBq%2BRTbG8Y6Lj7SR1MvI%2F2g9iBkJsPJ1ww%3D%3D","entryPoint":"deleteEmpresaSubcollections","runtime":"nodejs20","dockerRegistry":"ARTIFACT_REGISTRY","labels":{"deployment-tool":"cli-firebase","firebase-functions-hash":"9de36861960c9be435fc25fffef61ad62212a785"},"eventTrigger":{"eventType":"providers/cloud.firestore/eventTypes/document.delete","resource":"projects/hathax-contable/databases/(default)/documents/empresas/{empresaId}"},"minInstances":null,"maxInstances":null,"ingressSettings":null,"environmentVariables":{"FIREBASE_CONFIG":"{\"projectId\":\"hathax-contable\",\"storageBucket\":\"hathax-contable.firebasestorage.app\"}","GCLOUD_PROJECT":"hathax-contable","EVENTARC_CLOUD_EVENT_SOURCE":"projects/hathax-contable/locations/us-central1/functions/deleteEmpresaSubcollections"},"serviceAccountEmail":null,"availableMemoryMb":null,"timeout":null,"vpcConnector":null,"vpcConnectorEgressSettings":null,"buildEnvironmentVariables":{"GOOGLE_NODE_RUN_SCRIPTS":""}}
[debug] [2026-09-23T20:10:56.452Z] <<< [apiv2][status] PATCH https://cloudfunctions.googleapis.com/v1/projects/hathax-contable/locations/us-central1/functions/deleteEmpresaSubcollections 200
[debug] [2026-09-23T20:10:56.452Z] <<< [apiv2][body] PATCH https://cloudfunctions.googleapis.com/v1/projects/hathax-contable/locations/us-central1/functions/deleteEmpresaSubcollections {"name":"operations/aGF0aGF4LWNvbnRhYmxlL3VzLWNlbnRyYWwxL2RlbGV0ZUVtcHJlc2FTdWJjb2xsZWN0aW9ucy82bk5heXpKZFZkbw","metadata":{"@type":"type.googleapis.com/google.cloud.functions.v1.OperationMetadataV1","target":"projects/hathax-contable/locations/us-central1/functions/deleteEmpresaSubcollections","type":"UPDATE_FUNCTION","request":{"@type":"type.googleapis.com/google.cloud.functions.v1.CloudFunction","name":"projects/hathax-contable/locations/us-central1/functions/deleteEmpresaSubcollections","eventTrigger":{"eventType":"providers/cloud.firestore/eventTypes/document.delete","resource":"projects/hathax-contable/databases/(default)/documents/empresas/{empresaId}","service":"firestore.googleapis.com"},"status":"OFFLINE","entryPoint":"deleteEmpresaSubcollections","updateTime":"2026-09-23T20:05:58.113Z","versionId":"1","labels":{"deployment-tool":"cli-firebase","firebase-functions-hash":"9de36861960c9be435fc25fffef61ad62212a785"},"sourceUploadUrl":"https://storage.googleapis.com/uploads-428533647699.us-central1.cloudfunctions.appspot.com/d94c2873-5db1-468f-8320-f35f9f38d20f.zip?GoogleAccessId=service-607378284941@gcf-admin-robot.iam.gserviceaccount.com&Expires=1790196055&Signature=SpPnB0NCgVs8cdNFGESt7tsL6VH%2F2aXLAtPI4ejlmb3F2c5M6bn%2Fd1QRZhVv7D2rWIG071dBDy2vJuNHps6Xv6k5NpBDB7TJvRAOOCFog5ow%2BYbVcpLyZsEBrsdUwSSg%2B32WKDkOCg136hyXIVzhCFhsaqMu1SqoyFaDS0OW6Tl8KbhSchtxYnRL%2Bn7wHNMz3NWXb7HqlJv%2Bmac2O1lf%2Bde4WyU6z%2F%2FAp4tuk0eF1YdffDzOMlbEsM%2F0ae%2F1LPAjnupf6tZ4FOZmSIQrT8W91DWtm3bTtZ7pCmoZs8mKhh%2FOMkIAAAp1MBq%2BRTbG8Y6Lj7SR1MvI%2F2g9iBkJsPJ1ww%3D%3D","environmentVariables":{"FIREBASE_CONFIG":"{\"projectId\":\"hathax-contable\",\"storageBucket\":\"hathax-contable.firebasestorage.app\"}","GCLOUD_PROJECT":"hathax-contable","EVENTARC_CLOUD_EVENT_SOURCE":"projects/hathax-contable/locations/us-central1/functions/deleteEmpresaSubcollections"},"runtime":"nodejs20","buildId":"db7425f9-5b33-46c1-a550-1ddd862a55b2","buildEnvironmentVariables":{"GOOGLE_NODE_RUN_SCRIPTS":""},"buildName":"projects/607378284941/locations/us-central1/builds/db7425f9-5b33-46c1-a550-1ddd862a55b2","dockerRegistry":"ARTIFACT_REGISTRY","automaticUpdatePolicy":{},"buildServiceAccount":"projects/hathax-contable/serviceAccounts/607378284941-compute@developer.gserviceaccount.com"},"versionId":"2","updateTime":"2026-09-23T20:10:56Z"}}
[debug] [2026-09-23T20:10:56.453Z] Checked if tokens are valid: true, expires at: 1790197078258
[debug] [2026-09-23T20:10:56.453Z] Checked if tokens are valid: true, expires at: 1790197078258
[debug] [2026-09-23T20:10:56.454Z] >>> [apiv2][query] GET https://cloudfunctions.googleapis.com/v1/operations/aGF0aGF4LWNvbnRhYmxlL3VzLWNlbnRyYWwxL2RlbGV0ZUVtcHJlc2FTdWJjb2xsZWN0aW9ucy82bk5heXpKZFZkbw [none]
[debug] [2026-09-23T20:10:56.709Z] <<< [apiv2][status] GET https://cloudfunctions.googleapis.com/v1/operations/aGF0aGF4LWNvbnRhYmxlL3VzLWNlbnRyYWwxL2RlbGV0ZUVtcHJlc2FTdWJjb2xsZWN0aW9ucy82bk5heXpKZFZkbw 200
[debug] [2026-09-23T20:10:56.709Z] <<< [apiv2][body] GET https://cloudfunctions.googleapis.com/v1/operations/aGF0aGF4LWNvbnRhYmxlL3VzLWNlbnRyYWwxL2RlbGV0ZUVtcHJlc2FTdWJjb2xsZWN0aW9ucy82bk5heXpKZFZkbw {"name":"operations/aGF0aGF4LWNvbnRhYmxlL3VzLWNlbnRyYWwxL2RlbGV0ZUVtcHJlc2FTdWJjb2xsZWN0aW9ucy82bk5heXpKZFZkbw","metadata":{"@type":"type.googleapis.com/google.cloud.functions.v1.OperationMetadataV1","target":"projects/hathax-contable/locations/us-central1/functions/deleteEmpresaSubcollections","type":"UPDATE_FUNCTION","request":{"@type":"type.googleapis.com/google.cloud.functions.v1.CloudFunction","name":"projects/hathax-contable/locations/us-central1/functions/deleteEmpresaSubcollections","eventTrigger":{"eventType":"providers/cloud.firestore/eventTypes/document.delete","resource":"projects/hathax-contable/databases/(default)/documents/empresas/{empresaId}","service":"firestore.googleapis.com"},"status":"OFFLINE","entryPoint":"deleteEmpresaSubcollections","updateTime":"2026-09-23T20:05:58.113Z","versionId":"1","labels":{"deployment-tool":"cli-firebase","firebase-functions-hash":"9de36861960c9be435fc25fffef61ad62212a785"},"sourceUploadUrl":"https://storage.googleapis.com/uploads-428533647699.us-central1.cloudfunctions.appspot.com/d94c2873-5db1-468f-8320-f35f9f38d20f.zip?GoogleAccessId=service-607378284941@gcf-admin-robot.iam.gserviceaccount.com&Expires=1790196055&Signature=SpPnB0NCgVs8cdNFGESt7tsL6VH%2F2aXLAtPI4ejlmb3F2c5M6bn%2Fd1QRZhVv7D2rWIG071dBDy2vJuNHps6Xv6k5NpBDB7TJvRAOOCFog5ow%2BYbVcpLyZsEBrsdUwSSg%2B32WKDkOCg136hyXIVzhCFhsaqMu1SqoyFaDS0OW6Tl8KbhSchtxYnRL%2Bn7wHNMz3NWXb7HqlJv%2Bmac2O1lf%2Bde4WyU6z%2F%2FAp4tuk0eF1YdffDzOMlbEsM%2F0ae%2F1LPAjnupf6tZ4FOZmSIQrT8W91DWtm3bTtZ7pCmoZs8mKhh%2FOMkIAAAp1MBq%2BRTbG8Y6Lj7SR1MvI%2F2g9iBkJsPJ1ww%3D%3D","environmentVariables":{"FIREBASE_CONFIG":"{\"projectId\":\"hathax-contable\",\"storageBucket\":\"hathax-contable.firebasestorage.app\"}","GCLOUD_PROJECT":"hathax-contable","EVENTARC_CLOUD_EVENT_SOURCE":"projects/hathax-contable/locations/us-central1/functions/deleteEmpresaSubcollections"},"runtime":"nodejs20","buildId":"db7425f9-5b33-46c1-a550-1ddd862a55b2","buildEnvironmentVariables":{"GOOGLE_NODE_RUN_SCRIPTS":""},"buildName":"projects/607378284941/locations/us-central1/builds/db7425f9-5b33-46c1-a550-1ddd862a55b2","dockerRegistry":"ARTIFACT_REGISTRY","automaticUpdatePolicy":{},"buildServiceAccount":"projects/hathax-contable/serviceAccounts/607378284941-compute@developer.gserviceaccount.com"},"versionId":"2","updateTime":"2026-09-23T20:10:56Z"}}
[debug] [2026-09-23T20:10:57.211Z] [update-default-us-central1-deleteEmpresaSubcollections] Retrying task index 0
[debug] [2026-09-23T20:10:57.211Z] Checked if tokens are valid: true, expires at: 1790197078258
[debug] [2026-09-23T20:10:57.211Z] Checked if tokens are valid: true, expires at: 1790197078258
[debug] [2026-09-23T20:10:57.211Z] >>> [apiv2][query] GET https://cloudfunctions.googleapis.com/v1/operations/aGF0aGF4LWNvbnRhYmxlL3VzLWNlbnRyYWwxL2RlbGV0ZUVtcHJlc2FTdWJjb2xsZWN0aW9ucy82bk5heXpKZFZkbw [none]
[debug] [2026-09-23T20:10:57.419Z] <<< [apiv2][status] GET https://cloudfunctions.googleapis.com/v1/operations/aGF0aGF4LWNvbnRhYmxlL3VzLWNlbnRyYWwxL2RlbGV0ZUVtcHJlc2FTdWJjb2xsZWN0aW9ucy82bk5heXpKZFZkbw 200
[debug] [2026-09-23T20:10:57.420Z] <<< [apiv2][body] GET https://cloudfunctions.googleapis.com/v1/operations/aGF0aGF4LWNvbnRhYmxlL3VzLWNlbnRyYWwxL2RlbGV0ZUVtcHJlc2FTdWJjb2xsZWN0aW9ucy82bk5heXpKZFZkbw {"name":"operations/aGF0aGF4LWNvbnRhYmxlL3VzLWNlbnRyYWwxL2RlbGV0ZUVtcHJlc2FTdWJjb2xsZWN0aW9ucy82bk5heXpKZFZkbw","metadata":{"@type":"type.googleapis.com/google.cloud.functions.v1.OperationMetadataV1","target":"projects/hathax-contable/locations/us-central1/functions/deleteEmpresaSubcollections","type":"UPDATE_FUNCTION","request":{"@type":"type.googleapis.com/google.cloud.functions.v1.CloudFunction","name":"projects/hathax-contable/locations/us-central1/functions/deleteEmpresaSubcollections","eventTrigger":{"eventType":"providers/cloud.firestore/eventTypes/document.delete","resource":"projects/hathax-contable/databases/(default)/documents/empresas/{empresaId}","service":"firestore.googleapis.com"},"status":"OFFLINE","entryPoint":"deleteEmpresaSubcollections","updateTime":"2026-09-23T20:05:58.113Z","versionId":"1","labels":{"deployment-tool":"cli-firebase","firebase-functions-hash":"9de36861960c9be435fc25fffef61ad62212a785"},"sourceUploadUrl":"https://storage.googleapis.com/uploads-428533647699.us-central1.cloudfunctions.appspot.com/d94c2873-5db1-468f-8320-f35f9f38d20f.zip?GoogleAccessId=service-607378284941@gcf-admin-robot.iam.gserviceaccount.com&Expires=1790196055&Signature=SpPnB0NCgVs8cdNFGESt7tsL6VH%2F2aXLAtPI4ejlmb3F2c5M6bn%2Fd1QRZhVv7D2rWIG071dBDy2vJuNHps6Xv6k5NpBDB7TJvRAOOCFog5ow%2BYbVcpLyZsEBrsdUwSSg%2B32WKDkOCg136hyXIVzhCFhsaqMu1SqoyFaDS0OW6Tl8KbhSchtxYnRL%2Bn7wHNMz3NWXb7HqlJv%2Bmac2O1lf%2Bde4WyU6z%2F%2FAp4tuk0eF1YdffDzOMlbEsM%2F0ae%2F1LPAjnupf6tZ4FOZmSIQrT8W91DWtm3bTtZ7pCmoZs8mKhh%2FOMkIAAAp1MBq%2BRTbG8Y6Lj7SR1MvI%2F2g9iBkJsPJ1ww%3D%3D","environmentVariables":{"FIREBASE_CONFIG":"{\"projectId\":\"hathax-contable\",\"storageBucket\":\"hathax-contable.firebasestorage.app\"}","GCLOUD_PROJECT":"hathax-contable","EVENTARC_CLOUD_EVENT_SOURCE":"projects/hathax-contable/locations/us-central1/functions/deleteEmpresaSubcollections"},"runtime":"nodejs20","buildId":"db7425f9-5b33-46c1-a550-1ddd862a55b2","buildEnvironmentVariables":{"GOOGLE_NODE_RUN_SCRIPTS":""},"buildName":"projects/607378284941/locations/us-central1/builds/db7425f9-5b33-46c1-a550-1ddd862a55b2","dockerRegistry":"ARTIFACT_REGISTRY","automaticUpdatePolicy":{},"buildServiceAccount":"projects/hathax-contable/serviceAccounts/607378284941-compute@developer.gserviceaccount.com"},"versionId":"2","updateTime":"2026-09-23T20:10:56Z"}}
[debug] [2026-09-23T20:10:58.421Z] [update-default-us-central1-deleteEmpresaSubcollections] Retrying task index 0
[debug] [2026-09-23T20:10:58.422Z] Checked if tokens are valid: true, expires at: 1790197078258
[debug] [2026-09-23T20:10:58.422Z] Checked if tokens are valid: true, expires at: 1790197078258
[debug] [2026-09-23T20:10:58.422Z] >>> [apiv2][query] GET https://cloudfunctions.googleapis.com/v1/operations/aGF0aGF4LWNvbnRhYmxlL3VzLWNlbnRyYWwxL2RlbGV0ZUVtcHJlc2FTdWJjb2xsZWN0aW9ucy82bk5heXpKZFZkbw [none]
[debug] [2026-09-23T20:10:58.685Z] <<< [apiv2][status] GET https://cloudfunctions.googleapis.com/v1/operations/aGF0aGF4LWNvbnRhYmxlL3VzLWNlbnRyYWwxL2RlbGV0ZUVtcHJlc2FTdWJjb2xsZWN0aW9ucy82bk5heXpKZFZkbw 200
[debug] [2026-09-23T20:10:58.686Z] <<< [apiv2][body] GET https://cloudfunctions.googleapis.com/v1/operations/aGF0aGF4LWNvbnRhYmxlL3VzLWNlbnRyYWwxL2RlbGV0ZUVtcHJlc2FTdWJjb2xsZWN0aW9ucy82bk5heXpKZFZkbw {"name":"operations/aGF0aGF4LWNvbnRhYmxlL3VzLWNlbnRyYWwxL2RlbGV0ZUVtcHJlc2FTdWJjb2xsZWN0aW9ucy82bk5heXpKZFZkbw","metadata":{"@type":"type.googleapis.com/google.cloud.functions.v1.OperationMetadataV1","target":"projects/hathax-contable/locations/us-central1/functions/deleteEmpresaSubcollections","type":"UPDATE_FUNCTION","request":{"@type":"type.googleapis.com/google.cloud.functions.v1.CloudFunction","name":"projects/hathax-contable/locations/us-central1/functions/deleteEmpresaSubcollections","eventTrigger":{"eventType":"providers/cloud.firestore/eventTypes/document.delete","resource":"projects/hathax-contable/databases/(default)/documents/empresas/{empresaId}","service":"firestore.googleapis.com"},"status":"OFFLINE","entryPoint":"deleteEmpresaSubcollections","updateTime":"2026-09-23T20:05:58.113Z","versionId":"1","labels":{"deployment-tool":"cli-firebase","firebase-functions-hash":"9de36861960c9be435fc25fffef61ad62212a785"},"sourceUploadUrl":"https://storage.googleapis.com/uploads-428533647699.us-central1.cloudfunctions.appspot.com/d94c2873-5db1-468f-8320-f35f9f38d20f.zip?GoogleAccessId=service-607378284941@gcf-admin-robot.iam.gserviceaccount.com&Expires=1790196055&Signature=SpPnB0NCgVs8cdNFGESt7tsL6VH%2F2aXLAtPI4ejlmb3F2c5M6bn%2Fd1QRZhVv7D2rWIG071dBDy2vJuNHps6Xv6k5NpBDB7TJvRAOOCFog5ow%2BYbVcpLyZsEBrsdUwSSg%2B32WKDkOCg136hyXIVzhCFhsaqMu1SqoyFaDS0OW6Tl8KbhSchtxYnRL%2Bn7wHNMz3NWXb7HqlJv%2Bmac2O1lf%2Bde4WyU6z%2F%2FAp4tuk0eF1YdffDzOMlbEsM%2F0ae%2F1LPAjnupf6tZ4FOZmSIQrT8W91DWtm3bTtZ7pCmoZs8mKhh%2FOMkIAAAp1MBq%2BRTbG8Y6Lj7SR1MvI%2F2g9iBkJsPJ1ww%3D%3D","environmentVariables":{"FIREBASE_CONFIG":"{\"projectId\":\"hathax-contable\",\"storageBucket\":\"hathax-contable.firebasestorage.app\"}","GCLOUD_PROJECT":"hathax-contable","EVENTARC_CLOUD_EVENT_SOURCE":"projects/hathax-contable/locations/us-central1/functions/deleteEmpresaSubcollections"},"runtime":"nodejs20","buildId":"db7425f9-5b33-46c1-a550-1ddd862a55b2","buildEnvironmentVariables":{"GOOGLE_NODE_RUN_SCRIPTS":""},"buildName":"projects/607378284941/locations/us-central1/builds/db7425f9-5b33-46c1-a550-1ddd862a55b2","dockerRegistry":"ARTIFACT_REGISTRY","automaticUpdatePolicy":{},"buildServiceAccount":"projects/hathax-contable/serviceAccounts/607378284941-compute@developer.gserviceaccount.com"},"versionId":"2","updateTime":"2026-09-23T20:10:56Z","buildId":"a388235c-7397-4d23-b798-f4d385a16c87","buildName":"projects/607378284941/locations/us-central1/builds/a388235c-7397-4d23-b798-f4d385a16c87"}}
[debug] [2026-09-23T20:11:00.687Z] [update-default-us-central1-deleteEmpresaSubcollections] Retrying task index 0
[debug] [2026-09-23T20:11:00.687Z] Checked if tokens are valid: true, expires at: 1790197078258
[debug] [2026-09-23T20:11:00.687Z] Checked if tokens are valid: true, expires at: 1790197078258
[debug] [2026-09-23T20:11:00.687Z] >>> [apiv2][query] GET https://cloudfunctions.googleapis.com/v1/operations/aGF0aGF4LWNvbnRhYmxlL3VzLWNlbnRyYWwxL2RlbGV0ZUVtcHJlc2FTdWJjb2xsZWN0aW9ucy82bk5heXpKZFZkbw [none]
[debug] [2026-09-23T20:11:00.884Z] <<< [apiv2][status] GET https://cloudfunctions.googleapis.com/v1/operations/aGF0aGF4LWNvbnRhYmxlL3VzLWNlbnRyYWwxL2RlbGV0ZUVtcHJlc2FTdWJjb2xsZWN0aW9ucy82bk5heXpKZFZkbw 200
[debug] [2026-09-23T20:11:00.885Z] <<< [apiv2][body] GET https://cloudfunctions.googleapis.com/v1/operations/aGF0aGF4LWNvbnRhYmxlL3VzLWNlbnRyYWwxL2RlbGV0ZUVtcHJlc2FTdWJjb2xsZWN0aW9ucy82bk5heXpKZFZkbw {"name":"operations/aGF0aGF4LWNvbnRhYmxlL3VzLWNlbnRyYWwxL2RlbGV0ZUVtcHJlc2FTdWJjb2xsZWN0aW9ucy82bk5heXpKZFZkbw","metadata":{"@type":"type.googleapis.com/google.cloud.functions.v1.OperationMetadataV1","target":"projects/hathax-contable/locations/us-central1/functions/deleteEmpresaSubcollections","type":"UPDATE_FUNCTION","request":{"@type":"type.googleapis.com/google.cloud.functions.v1.CloudFunction","name":"projects/hathax-contable/locations/us-central1/functions/deleteEmpresaSubcollections","eventTrigger":{"eventType":"providers/cloud.firestore/eventTypes/document.delete","resource":"projects/hathax-contable/databases/(default)/documents/empresas/{empresaId}","service":"firestore.googleapis.com"},"status":"OFFLINE","entryPoint":"deleteEmpresaSubcollections","updateTime":"2026-09-23T20:05:58.113Z","versionId":"1","labels":{"deployment-tool":"cli-firebase","firebase-functions-hash":"9de36861960c9be435fc25fffef61ad62212a785"},"sourceUploadUrl":"https://storage.googleapis.com/uploads-428533647699.us-central1.cloudfunctions.appspot.com/d94c2873-5db1-468f-8320-f35f9f38d20f.zip?GoogleAccessId=service-607378284941@gcf-admin-robot.iam.gserviceaccount.com&Expires=1790196055&Signature=SpPnB0NCgVs8cdNFGESt7tsL6VH%2F2aXLAtPI4ejlmb3F2c5M6bn%2Fd1QRZhVv7D2rWIG071dBDy2vJuNHps6Xv6k5NpBDB7TJvRAOOCFog5ow%2BYbVcpLyZsEBrsdUwSSg%2B32WKDkOCg136hyXIVzhCFhsaqMu1SqoyFaDS0OW6Tl8KbhSchtxYnRL%2Bn7wHNMz3NWXb7HqlJv%2Bmac2O1lf%2Bde4WyU6z%2F%2FAp4tuk0eF1YdffDzOMlbEsM%2F0ae%2F1LPAjnupf6tZ4FOZmSIQrT8W91DWtm3bTtZ7pCmoZs8mKhh%2FOMkIAAAp1MBq%2BRTbG8Y6Lj7SR1MvI%2F2g9iBkJsPJ1ww%3D%3D","environmentVariables":{"FIREBASE_CONFIG":"{\"projectId\":\"hathax-contable\",\"storageBucket\":\"hathax-contable.firebasestorage.app\"}","GCLOUD_PROJECT":"hathax-contable","EVENTARC_CLOUD_EVENT_SOURCE":"projects/hathax-contable/locations/us-central1/functions/deleteEmpresaSubcollections"},"runtime":"nodejs20","buildId":"db7425f9-5b33-46c1-a550-1ddd862a55b2","buildEnvironmentVariables":{"GOOGLE_NODE_RUN_SCRIPTS":""},"buildName":"projects/607378284941/locations/us-central1/builds/db7425f9-5b33-46c1-a550-1ddd862a55b2","dockerRegistry":"ARTIFACT_REGISTRY","automaticUpdatePolicy":{},"buildServiceAccount":"projects/hathax-contable/serviceAccounts/607378284941-compute@developer.gserviceaccount.com"},"versionId":"2","updateTime":"2026-09-23T20:10:56Z","buildId":"a388235c-7397-4d23-b798-f4d385a16c87","buildName":"projects/607378284941/locations/us-central1/builds/a388235c-7397-4d23-b798-f4d385a16c87"}}
[debug] [2026-09-23T20:11:04.886Z] [update-default-us-central1-deleteEmpresaSubcollections] Retrying task index 0
[debug] [2026-09-23T20:11:04.886Z] Checked if tokens are valid: true, expires at: 1790197078258
[debug] [2026-09-23T20:11:04.886Z] Checked if tokens are valid: true, expires at: 1790197078258
[debug] [2026-09-23T20:11:04.886Z] >>> [apiv2][query] GET https://cloudfunctions.googleapis.com/v1/operations/aGF0aGF4LWNvbnRhYmxlL3VzLWNlbnRyYWwxL2RlbGV0ZUVtcHJlc2FTdWJjb2xsZWN0aW9ucy82bk5heXpKZFZkbw [none]
[debug] [2026-09-23T20:11:05.113Z] <<< [apiv2][status] GET https://cloudfunctions.googleapis.com/v1/operations/aGF0aGF4LWNvbnRhYmxlL3VzLWNlbnRyYWwxL2RlbGV0ZUVtcHJlc2FTdWJjb2xsZWN0aW9ucy82bk5heXpKZFZkbw 200
[debug] [2026-09-23T20:11:05.114Z] <<< [apiv2][body] GET https://cloudfunctions.googleapis.com/v1/operations/aGF0aGF4LWNvbnRhYmxlL3VzLWNlbnRyYWwxL2RlbGV0ZUVtcHJlc2FTdWJjb2xsZWN0aW9ucy82bk5heXpKZFZkbw {"name":"operations/aGF0aGF4LWNvbnRhYmxlL3VzLWNlbnRyYWwxL2RlbGV0ZUVtcHJlc2FTdWJjb2xsZWN0aW9ucy82bk5heXpKZFZkbw","metadata":{"@type":"type.googleapis.com/google.cloud.functions.v1.OperationMetadataV1","target":"projects/hathax-contable/locations/us-central1/functions/deleteEmpresaSubcollections","type":"UPDATE_FUNCTION","request":{"@type":"type.googleapis.com/google.cloud.functions.v1.CloudFunction","name":"projects/hathax-contable/locations/us-central1/functions/deleteEmpresaSubcollections","eventTrigger":{"eventType":"providers/cloud.firestore/eventTypes/document.delete","resource":"projects/hathax-contable/databases/(default)/documents/empresas/{empresaId}","service":"firestore.googleapis.com"},"status":"OFFLINE","entryPoint":"deleteEmpresaSubcollections","updateTime":"2026-09-23T20:05:58.113Z","versionId":"1","labels":{"deployment-tool":"cli-firebase","firebase-functions-hash":"9de36861960c9be435fc25fffef61ad62212a785"},"sourceUploadUrl":"https://storage.googleapis.com/uploads-428533647699.us-central1.cloudfunctions.appspot.com/d94c2873-5db1-468f-8320-f35f9f38d20f.zip?GoogleAccessId=service-607378284941@gcf-admin-robot.iam.gserviceaccount.com&Expires=1790196055&Signature=SpPnB0NCgVs8cdNFGESt7tsL6VH%2F2aXLAtPI4ejlmb3F2c5M6bn%2Fd1QRZhVv7D2rWIG071dBDy2vJuNHps6Xv6k5NpBDB7TJvRAOOCFog5ow%2BYbVcpLyZsEBrsdUwSSg%2B32WKDkOCg136hyXIVzhCFhsaqMu1SqoyFaDS0OW6Tl8KbhSchtxYnRL%2Bn7wHNMz3NWXb7HqlJv%2Bmac2O1lf%2Bde4WyU6z%2F%2FAp4tuk0eF1YdffDzOMlbEsM%2F0ae%2F1LPAjnupf6tZ4FOZmSIQrT8W91DWtm3bTtZ7pCmoZs8mKhh%2FOMkIAAAp1MBq%2BRTbG8Y6Lj7SR1MvI%2F2g9iBkJsPJ1ww%3D%3D","environmentVariables":{"FIREBASE_CONFIG":"{\"projectId\":\"hathax-contable\",\"storageBucket\":\"hathax-contable.firebasestorage.app\"}","GCLOUD_PROJECT":"hathax-contable","EVENTARC_CLOUD_EVENT_SOURCE":"projects/hathax-contable/locations/us-central1/functions/deleteEmpresaSubcollections"},"runtime":"nodejs20","buildId":"db7425f9-5b33-46c1-a550-1ddd862a55b2","buildEnvironmentVariables":{"GOOGLE_NODE_RUN_SCRIPTS":""},"buildName":"projects/607378284941/locations/us-central1/builds/db7425f9-5b33-46c1-a550-1ddd862a55b2","dockerRegistry":"ARTIFACT_REGISTRY","automaticUpdatePolicy":{},"buildServiceAccount":"projects/hathax-contable/serviceAccounts/607378284941-compute@developer.gserviceaccount.com"},"versionId":"2","updateTime":"2026-09-23T20:10:56Z","buildId":"a388235c-7397-4d23-b798-f4d385a16c87","buildName":"projects/607378284941/locations/us-central1/builds/a388235c-7397-4d23-b798-f4d385a16c87"}}
[debug] [2026-09-23T20:11:13.115Z] [update-default-us-central1-deleteEmpresaSubcollections] Retrying task index 0
[debug] [2026-09-23T20:11:13.115Z] Checked if tokens are valid: true, expires at: 1790197078258
[debug] [2026-09-23T20:11:13.115Z] Checked if tokens are valid: true, expires at: 1790197078258
[debug] [2026-09-23T20:11:13.115Z] >>> [apiv2][query] GET https://cloudfunctions.googleapis.com/v1/operations/aGF0aGF4LWNvbnRhYmxlL3VzLWNlbnRyYWwxL2RlbGV0ZUVtcHJlc2FTdWJjb2xsZWN0aW9ucy82bk5heXpKZFZkbw [none]
[debug] [2026-09-23T20:11:13.483Z] <<< [apiv2][status] GET https://cloudfunctions.googleapis.com/v1/operations/aGF0aGF4LWNvbnRhYmxlL3VzLWNlbnRyYWwxL2RlbGV0ZUVtcHJlc2FTdWJjb2xsZWN0aW9ucy82bk5heXpKZFZkbw 200
[debug] [2026-09-23T20:11:13.484Z] <<< [apiv2][body] GET https://cloudfunctions.googleapis.com/v1/operations/aGF0aGF4LWNvbnRhYmxlL3VzLWNlbnRyYWwxL2RlbGV0ZUVtcHJlc2FTdWJjb2xsZWN0aW9ucy82bk5heXpKZFZkbw {"name":"operations/aGF0aGF4LWNvbnRhYmxlL3VzLWNlbnRyYWwxL2RlbGV0ZUVtcHJlc2FTdWJjb2xsZWN0aW9ucy82bk5heXpKZFZkbw","metadata":{"@type":"type.googleapis.com/google.cloud.functions.v1.OperationMetadataV1","target":"projects/hathax-contable/locations/us-central1/functions/deleteEmpresaSubcollections","type":"UPDATE_FUNCTION","request":{"@type":"type.googleapis.com/google.cloud.functions.v1.CloudFunction","name":"projects/hathax-contable/locations/us-central1/functions/deleteEmpresaSubcollections","eventTrigger":{"eventType":"providers/cloud.firestore/eventTypes/document.delete","resource":"projects/hathax-contable/databases/(default)/documents/empresas/{empresaId}","service":"firestore.googleapis.com"},"status":"OFFLINE","entryPoint":"deleteEmpresaSubcollections","updateTime":"2026-09-23T20:05:58.113Z","versionId":"1","labels":{"deployment-tool":"cli-firebase","firebase-functions-hash":"9de36861960c9be435fc25fffef61ad62212a785"},"sourceUploadUrl":"https://storage.googleapis.com/uploads-428533647699.us-central1.cloudfunctions.appspot.com/d94c2873-5db1-468f-8320-f35f9f38d20f.zip?GoogleAccessId=service-607378284941@gcf-admin-robot.iam.gserviceaccount.com&Expires=1790196055&Signature=SpPnB0NCgVs8cdNFGESt7tsL6VH%2F2aXLAtPI4ejlmb3F2c5M6bn%2Fd1QRZhVv7D2rWIG071dBDy2vJuNHps6Xv6k5NpBDB7TJvRAOOCFog5ow%2BYbVcpLyZsEBrsdUwSSg%2B32WKDkOCg136hyXIVzhCFhsaqMu1SqoyFaDS0OW6Tl8KbhSchtxYnRL%2Bn7wHNMz3NWXb7HqlJv%2Bmac2O1lf%2Bde4WyU6z%2F%2FAp4tuk0eF1YdffDzOMlbEsM%2F0ae%2F1LPAjnupf6tZ4FOZmSIQrT8W91DWtm3bTtZ7pCmoZs8mKhh%2FOMkIAAAp1MBq%2BRTbG8Y6Lj7SR1MvI%2F2g9iBkJsPJ1ww%3D%3D","environmentVariables":{"FIREBASE_CONFIG":"{\"projectId\":\"hathax-contable\",\"storageBucket\":\"hathax-contable.firebasestorage.app\"}","GCLOUD_PROJECT":"hathax-contable","EVENTARC_CLOUD_EVENT_SOURCE":"projects/hathax-contable/locations/us-central1/functions/deleteEmpresaSubcollections"},"runtime":"nodejs20","buildId":"db7425f9-5b33-46c1-a550-1ddd862a55b2","buildEnvironmentVariables":{"GOOGLE_NODE_RUN_SCRIPTS":""},"buildName":"projects/607378284941/locations/us-central1/builds/db7425f9-5b33-46c1-a550-1ddd862a55b2","dockerRegistry":"ARTIFACT_REGISTRY","automaticUpdatePolicy":{},"buildServiceAccount":"projects/hathax-contable/serviceAccounts/607378284941-compute@developer.gserviceaccount.com"},"versionId":"2","updateTime":"2026-09-23T20:10:56Z","buildId":"a388235c-7397-4d23-b798-f4d385a16c87","buildName":"projects/607378284941/locations/us-central1/builds/a388235c-7397-4d23-b798-f4d385a16c87"}}
[debug] [2026-09-23T20:11:23.485Z] [update-default-us-central1-deleteEmpresaSubcollections] Retrying task index 0
[debug] [2026-09-23T20:11:23.485Z] Checked if tokens are valid: true, expires at: 1790197078258
[debug] [2026-09-23T20:11:23.485Z] Checked if tokens are valid: true, expires at: 1790197078258
[debug] [2026-09-23T20:11:23.485Z] >>> [apiv2][query] GET https://cloudfunctions.googleapis.com/v1/operations/aGF0aGF4LWNvbnRhYmxlL3VzLWNlbnRyYWwxL2RlbGV0ZUVtcHJlc2FTdWJjb2xsZWN0aW9ucy82bk5heXpKZFZkbw [none]
[debug] [2026-09-23T20:11:24.037Z] <<< [apiv2][status] GET https://cloudfunctions.googleapis.com/v1/operations/aGF0aGF4LWNvbnRhYmxlL3VzLWNlbnRyYWwxL2RlbGV0ZUVtcHJlc2FTdWJjb2xsZWN0aW9ucy82bk5heXpKZFZkbw 200
[debug] [2026-09-23T20:11:24.037Z] <<< [apiv2][body] GET https://cloudfunctions.googleapis.com/v1/operations/aGF0aGF4LWNvbnRhYmxlL3VzLWNlbnRyYWwxL2RlbGV0ZUVtcHJlc2FTdWJjb2xsZWN0aW9ucy82bk5heXpKZFZkbw {"name":"operations/aGF0aGF4LWNvbnRhYmxlL3VzLWNlbnRyYWwxL2RlbGV0ZUVtcHJlc2FTdWJjb2xsZWN0aW9ucy82bk5heXpKZFZkbw","metadata":{"@type":"type.googleapis.com/google.cloud.functions.v1.OperationMetadataV1","target":"projects/hathax-contable/locations/us-central1/functions/deleteEmpresaSubcollections","type":"UPDATE_FUNCTION","request":{"@type":"type.googleapis.com/google.cloud.functions.v1.CloudFunction","name":"projects/hathax-contable/locations/us-central1/functions/deleteEmpresaSubcollections","eventTrigger":{"eventType":"providers/cloud.firestore/eventTypes/document.delete","resource":"projects/hathax-contable/databases/(default)/documents/empresas/{empresaId}","service":"firestore.googleapis.com"},"status":"OFFLINE","entryPoint":"deleteEmpresaSubcollections","updateTime":"2026-09-23T20:05:58.113Z","versionId":"1","labels":{"deployment-tool":"cli-firebase","firebase-functions-hash":"9de36861960c9be435fc25fffef61ad62212a785"},"sourceUploadUrl":"https://storage.googleapis.com/uploads-428533647699.us-central1.cloudfunctions.appspot.com/d94c2873-5db1-468f-8320-f35f9f38d20f.zip?GoogleAccessId=service-607378284941@gcf-admin-robot.iam.gserviceaccount.com&Expires=1790196055&Signature=SpPnB0NCgVs8cdNFGESt7tsL6VH%2F2aXLAtPI4ejlmb3F2c5M6bn%2Fd1QRZhVv7D2rWIG071dBDy2vJuNHps6Xv6k5NpBDB7TJvRAOOCFog5ow%2BYbVcpLyZsEBrsdUwSSg%2B32WKDkOCg136hyXIVzhCFhsaqMu1SqoyFaDS0OW6Tl8KbhSchtxYnRL%2Bn7wHNMz3NWXb7HqlJv%2Bmac2O1lf%2Bde4WyU6z%2F%2FAp4tuk0eF1YdffDzOMlbEsM%2F0ae%2F1LPAjnupf6tZ4FOZmSIQrT8W91DWtm3bTtZ7pCmoZs8mKhh%2FOMkIAAAp1MBq%2BRTbG8Y6Lj7SR1MvI%2F2g9iBkJsPJ1ww%3D%3D","environmentVariables":{"FIREBASE_CONFIG":"{\"projectId\":\"hathax-contable\",\"storageBucket\":\"hathax-contable.firebasestorage.app\"}","GCLOUD_PROJECT":"hathax-contable","EVENTARC_CLOUD_EVENT_SOURCE":"projects/hathax-contable/locations/us-central1/functions/deleteEmpresaSubcollections"},"runtime":"nodejs20","buildId":"db7425f9-5b33-46c1-a550-1ddd862a55b2","buildEnvironmentVariables":{"GOOGLE_NODE_RUN_SCRIPTS":""},"buildName":"projects/607378284941/locations/us-central1/builds/db7425f9-5b33-46c1-a550-1ddd862a55b2","dockerRegistry":"ARTIFACT_REGISTRY","automaticUpdatePolicy":{},"buildServiceAccount":"projects/hathax-contable/serviceAccounts/607378284941-compute@developer.gserviceaccount.com"},"versionId":"2","updateTime":"2026-09-23T20:11:20Z","buildId":"a388235c-7397-4d23-b798-f4d385a16c87","buildName":"projects/607378284941/locations/us-central1/builds/a388235c-7397-4d23-b798-f4d385a16c87"},"done":true,"error":{"code":3,"message":"Build failed: Access to bucket gcf-sources-607378284941-us-central1 denied. You must grant Storage Object Viewer permission to 607378284941-compute@developer.gserviceaccount.com. If you are using VPC Service Controls, you must also grant it access to your service perimeter.\n"}}
[debug] [2026-09-23T20:11:24.037Z] Got source token undefined for region us-central1
[error] Build failed: Access to bucket gcf-sources-607378284941-us-central1 denied. You must grant Storage Object Viewer permission to 607378284941-compute@developer.gserviceaccount.com. If you are using VPC Service Controls, you must also grant it access to your service perimeter.

[warn] ⚠  functions: Deploys failed. Skipping deletes. 
[debug] [2026-09-23T20:11:24.039Z] Total Function Deployment time: 28398
[debug] [2026-09-23T20:11:24.040Z] 1 Functions Deployed
[debug] [2026-09-23T20:11:24.040Z] 1 Functions Errored
[debug] [2026-09-23T20:11:24.040Z] 0 Function Deployments Aborted
[debug] [2026-09-23T20:11:24.040Z] Average Function Deployment time: 28397
[info] 
[info] Functions deploy had errors with the following functions:
	deleteEmpresaSubcollections(us-central1)
[debug] [2026-09-23T20:11:24.041Z] Checked if tokens are valid: true, expires at: 1790197078258
[debug] [2026-09-23T20:11:24.041Z] Checked if tokens are valid: true, expires at: 1790197078258
[debug] [2026-09-23T20:11:24.041Z] >>> [apiv2][query] GET https://artifactregistry.googleapis.com/v1/projects/hathax-contable/locations/us-central1/repositories/gcf-artifacts [none]
[debug] [2026-09-23T20:11:24.598Z] <<< [apiv2][status] GET https://artifactregistry.googleapis.com/v1/projects/hathax-contable/locations/us-central1/repositories/gcf-artifacts 200
[debug] [2026-09-23T20:11:24.598Z] <<< [apiv2][body] GET https://artifactregistry.googleapis.com/v1/projects/hathax-contable/locations/us-central1/repositories/gcf-artifacts {"name":"projects/hathax-contable/locations/us-central1/repositories/gcf-artifacts","format":"DOCKER","description":"This repository is created and used by Cloud Functions for storing function docker images.","labels":{"goog-managed-by":"cloudfunctions"},"createTime":"2026-09-23T20:05:33.818494Z","updateTime":"2026-09-23T20:10:40.637697Z","mode":"STANDARD_REPOSITORY","cleanupPolicies":{"firebase-functions-cleanup":{"id":"firebase-functions-cleanup","action":"DELETE","condition":{"tagState":"ANY","olderThan":"432000s"}}},"vulnerabilityScanningConfig":{"lastEnableTime":"2026-09-23T20:05:23.241320055Z","enablementState":"SCANNING_DISABLED","enablementStateReason":"API containerscanning.googleapis.com is not enabled."},"satisfiesPzi":true,"registryUri":"us-central1-docker.pkg.dev/hathax-contable/gcf-artifacts"}
[debug] [2026-09-23T20:11:24.598Z] Functions deploy failed.
[debug] [2026-09-23T20:11:24.598Z] {
  "endpoint": {
    "id": "deleteEmpresaSubcollections",
    "project": "hathax-contable",
    "region": "us-central1",
    "entryPoint": "deleteEmpresaSubcollections",
    "platform": "gcfv1",
    "runtime": "nodejs20",
    "eventTrigger": {
      "eventType": "providers/cloud.firestore/eventTypes/document.delete",
      "retry": false,
      "eventFilters": {
        "resource": "projects/hathax-contable/databases/(default)/documents/empresas/{empresaId}"
      }
    },
    "labels": {
      "deployment-tool": "cli-firebase"
    },
    "serviceAccount": null,
    "ingressSettings": null,
    "availableMemoryMb": null,
    "timeoutSeconds": null,
    "maxInstances": null,
    "minInstances": null,
    "vpc": null,
    "environmentVariables": {
      "FIREBASE_CONFIG": "{\"projectId\":\"hathax-contable\",\"storageBucket\":\"hathax-contable.firebasestorage.app\"}",
      "GCLOUD_PROJECT": "hathax-contable",
      "EVENTARC_CLOUD_EVENT_SOURCE": "projects/hathax-contable/locations/us-central1/functions/deleteEmpresaSubcollections"
    },
    "codebase": "default",
    "securityLevel": "SECURE_ALWAYS",
    "targetedByOnly": false,
    "hash": "9de36861960c9be435fc25fffef61ad62212a785"
  },
  "op": "update",
  "original": {
    "name": "FirebaseError",
    "children": [],
    "exit": 1,
    "message": "Build failed: Access to bucket gcf-sources-607378284941-us-central1 denied. You must grant Storage Object Viewer permission to 607378284941-compute@developer.gserviceaccount.com. If you are using VPC Service Controls, you must also grant it access to your service perimeter.\n",
    "original": {
      "code": 3,
      "message": "Build failed: Access to bucket gcf-sources-607378284941-us-central1 denied. You must grant Storage Object Viewer permission to 607378284941-compute@developer.gserviceaccount.com. If you are using VPC Service Controls, you must also grant it access to your service perimeter.\n"
    },
    "status": 3,
    "code": 3
  }
}
[debug] [2026-09-23T20:11:24.600Z] Error: Failed to update function deleteEmpresaSubcollections in region us-central1
    at /usr/local/lib/node_modules/firebase-tools/lib/deploy/functions/release/fabricator.js:54:11
    at process.processTicksAndRejections (node:internal/process/task_queues:104:5)
    at async Fabricator.updateV1Function (/usr/local/lib/node_modules/firebase-tools/lib/deploy/functions/release/fabricator.js:398:32)
    at async Fabricator.updateEndpoint (/usr/local/lib/node_modules/firebase-tools/lib/deploy/functions/release/fabricator.js:171:13)
    at async Fabricator.wrapOperation (/usr/local/lib/node_modules/firebase-tools/lib/deploy/functions/release/fabricator.js:138:13)
    at async Promise.all (index 0)
    at async Promise.allSettled (index 0)
    at async Fabricator.applyPlan (/usr/local/lib/node_modules/firebase-tools/lib/deploy/functions/release/fabricator.js:77:45)
    at async release (/usr/local/lib/node_modules/firebase-tools/lib/deploy/functions/release/index.js:86:21)
    at async chain (/usr/local/lib/node_modules/firebase-tools/lib/deploy/index.js:45:9)
[error] 
[error] Error: There was an error deploying functions
